index,Date,Adj Close,Close,High,Low,Open,Volume
0,,AAPL,AAPL,AAPL,AAPL,AAPL,AAPL
1,2021-08-06,142.66366577148438,146.13999938964844,147.11000061035156,145.6300048828125,146.35000610351562,54126800
2,2021-08-09,142.6148681640625,146.08999633789062,146.6999969482422,145.52000427246094,146.1999969482422,48908700
3,2021-08-10,142.13650512695312,145.60000610351562,147.7100067138672,145.3000030517578,146.44000244140625,69023100
4,2021-08-11,142.39031982421875,145.86000061035156,146.72000122070312,145.52999877929688,146.0500030517578,48493500
5,2021-08-12,145.3482666015625,148.88999938964844,149.0500030517578,145.83999633789062,146.19000244140625,72282600
6,2021-08-13,145.5532684326172,149.10000610351562,149.44000244140625,148.27000427246094,148.97000122070312,59375000
7,2021-08-16,147.52520751953125,151.1199951171875,151.19000244140625,146.47000122070312,148.5399932861328,103296000
8,2021-08-17,146.61732482910156,150.19000244140625,151.67999267578125,149.08999633789062,150.22999572753906,92229700
9,2021-08-18,142.87843322753906,146.36000061035156,150.72000122070312,146.14999389648438,149.8000030517578,86326000
10,2021-08-19,143.21034240722656,146.6999969482422,148.0,144.5,145.02999877929688,86960300
11,2021-08-20,144.66488647460938,148.19000244140625,148.5,146.77999877929688,147.44000244140625,60549600
12,2021-08-23,146.1487274169922,149.7100067138672,150.19000244140625,147.88999938964844,148.30999755859375,60131800
13,2021-08-24,146.06089782714844,149.6199951171875,150.86000061035156,149.14999389648438,149.4499969482422,48606400
14,2021-08-25,144.8308563232422,148.36000061035156,150.32000732421875,147.8000030517578,149.80999755859375,58991300
15,2021-08-26,144.03038024902344,147.5399932861328,149.1199951171875,147.50999450683594,148.35000610351562,48597200
16,2021-08-27,145.06517028808594,148.60000610351562,148.75,146.8300018310547,147.47999572753906,55802400
17,2021-08-30,149.47764587402344,153.1199951171875,153.49000549316406,148.61000061035156,149.0,90956700
18,2021-08-31,148.2183380126953,151.8300018310547,152.8000030517578,151.2899932861328,152.66000366210938,86453100
19,2021-09-01,148.8821258544922,152.50999450683594,154.97999572753906,152.33999633789062,152.8300018310547,80313700
20,2021-09-02,149.9950714111328,153.64999389648438,154.72000122070312,152.39999389648438,153.8699951171875,71115500
21,2021-09-03,150.62957763671875,154.3000030517578,154.6300048828125,153.08999633789062,153.75999450683594,57808700
22,2021-09-07,152.9626922607422,156.69000244140625,157.25999450683594,154.38999938964844,154.97000122070312,82278300
23,2021-09-08,151.42027282714844,155.11000061035156,157.0399932861328,153.97999572753906,156.97999572753906,74420200
24,2021-09-09,150.40504455566406,154.07000732421875,156.11000061035156,153.9499969482422,155.49000549316406,57305700
25,2021-09-10,145.42637634277344,148.97000122070312,155.47999572753906,148.6999969482422,155.0,140893200
26,2021-09-13,145.9925537109375,149.5500030517578,151.4199981689453,148.75,150.6300048828125,102404300
27,2021-09-14,144.5965118408203,148.1199951171875,151.07000732421875,146.91000366210938,150.35000610351562,109296300
28,2021-09-15,145.48492431640625,149.02999877929688,149.44000244140625,146.3699951171875,148.55999755859375,83281300
29,2021-09-16,145.25067138671875,148.7899932861328,148.97000122070312,147.22000122070312,148.44000244140625,68034100
30,2021-09-17,142.58554077148438,146.05999755859375,148.82000732421875,145.75999450683594,148.82000732421875,129868800
31,2021-09-20,139.53976440429688,142.94000244140625,144.83999633789062,141.27000427246094,143.8000030517578,123478900
32,2021-09-21,140.0181427001953,143.42999267578125,144.60000610351562,142.77999877929688,143.92999267578125,75834000
33,2021-09-22,142.38055419921875,145.85000610351562,146.42999267578125,143.6999969482422,144.4499969482422,76404300
34,2021-09-23,143.33724975585938,146.8300018310547,147.0800018310547,145.63999938964844,146.64999389648438,64838200
35,2021-09-24,143.42510986328125,146.9199981689453,147.47000122070312,145.55999755859375,145.66000366210938,53477900
36,2021-09-27,141.91197204589844,145.3699951171875,145.9600067138672,143.82000732421875,145.47000122070312,74150700
37,2021-09-28,138.53433227539062,141.91000366210938,144.75,141.69000244140625,143.25,108972300
38,2021-09-29,139.4324188232422,142.8300018310547,144.4499969482422,142.02999877929688,142.47000122070312,74602000
39,2021-09-30,138.13404846191406,141.5,144.3800048828125,141.27999877929688,143.66000366210938,89056700
40,2021-10-01,139.25668334960938,142.64999389648438,142.9199981689453,139.11000061035156,141.89999389648438,94639600
41,2021-10-04,135.8302001953125,139.13999938964844,142.2100067138672,138.27000427246094,141.75999450683594,98322000
42,2021-10-05,137.7533416748047,141.11000061035156,142.24000549316406,139.36000061035156,139.49000549316406,80861100
43,2021-10-06,138.62217712402344,142.0,142.14999389648438,138.3699951171875,139.47000122070312,83221100
44,2021-10-07,139.88145446777344,143.2899932861328,144.22000122070312,142.72000122070312,143.05999755859375,61732700
45,2021-10-08,139.500732421875,142.89999389648438,144.17999267578125,142.55999755859375,144.02999877929688,58773200
46,2021-10-11,139.4128875732422,142.80999755859375,144.80999755859375,141.80999755859375,142.27000427246094,64452200
47,2021-10-12,138.143798828125,141.50999450683594,143.25,141.0399932861328,143.22999572753906,73035900
48,2021-10-13,137.55809020996094,140.91000366210938,141.39999389648438,139.1999969482422,141.24000549316406,78762700
49,2021-10-14,140.34024047851562,143.75999450683594,143.8800048828125,141.50999450683594,142.11000061035156,69907100
50,2021-10-15,141.39462280273438,144.83999633789062,144.89999389648438,143.50999450683594,143.77000427246094,67940300
51,2021-10-18,143.06394958496094,146.5500030517578,146.83999633789062,143.16000366210938,143.4499969482422,85589200
52,2021-10-19,145.22134399414062,148.75999450683594,149.1699981689453,146.5500030517578,147.00999450683594,76378900
53,2021-10-20,145.70948791503906,149.25999450683594,149.75,148.1199951171875,148.6999969482422,58418800
54,2021-10-21,145.92420959472656,149.47999572753906,149.63999938964844,147.8699951171875,148.80999755859375,61421000
55,2021-10-22,145.1530303955078,148.69000244140625,150.17999267578125,148.63999938964844,149.69000244140625,58883400
56,2021-10-25,145.10418701171875,148.63999938964844,149.3699951171875,147.6199951171875,148.67999267578125,50720600
57,2021-10-26,145.76803588867188,149.32000732421875,150.83999633789062,149.00999450683594,149.3300018310547,60893400
58,2021-10-27,145.30923461914062,148.85000610351562,149.72999572753906,148.49000549316406,149.36000061035156,56094900
59,2021-10-28,148.94070434570312,152.57000732421875,153.1699981689453,149.72000122070312,149.82000732421875,100077900
60,2021-10-29,146.2366180419922,149.8000030517578,149.94000244140625,146.41000366210938,147.22000122070312,124953200
61,2021-11-01,145.41656494140625,148.9600067138672,149.6999969482422,147.8000030517578,148.99000549316406,74588300
62,2021-11-02,146.45140075683594,150.02000427246094,151.57000732421875,148.64999389648438,148.66000366210938,69122000
63,2021-11-03,147.88644409179688,151.49000549316406,151.97000122070312,149.82000732421875,150.38999938964844,54511500
64,2021-11-04,147.36898803710938,150.9600067138672,152.42999267578125,150.63999938964844,151.5800018310547,60394600
65,2021-11-05,147.89691162109375,151.27999877929688,152.1999969482422,150.05999755859375,151.88999938964844,65463900
66,2021-11-08,147.0757293701172,150.44000244140625,151.57000732421875,150.16000366210938,151.41000366210938,55020900
67,2021-11-09,147.43743896484375,150.80999755859375,151.42999267578125,150.05999755859375,150.1999969482422,56787900
68,2021-11-10,144.61207580566406,147.9199981689453,150.1300048828125,147.85000610351562,150.02000427246094,65187100
69,2021-11-11,144.5631866455078,147.8699951171875,149.42999267578125,147.67999267578125,148.9600067138672,41000000
70,2021-11-12,146.63580322265625,149.99000549316406,150.39999389648438,147.47999572753906,148.42999267578125,63804000
71,2021-11-15,146.6455841064453,150.0,151.8800048828125,149.42999267578125,150.3699951171875,59222800
72,2021-11-16,147.62322998046875,151.0,151.49000549316406,149.33999633789062,149.94000244140625,59256200
73,2021-11-17,150.05752563476562,153.49000549316406,155.0,150.99000549316406,151.0,88807000
74,2021-11-18,154.339599609375,157.8699951171875,158.6699981689453,153.0500030517578,153.7100067138672,137827700
75,2021-11-19,156.95962524414062,160.5500030517578,161.02000427246094,156.52999877929688,157.64999389648438,117305600
76,2021-11-22,157.41912841796875,161.02000427246094,165.6999969482422,161.0,161.67999267578125,117467900
77,2021-11-23,157.80043029785156,161.41000366210938,161.8000030517578,159.05999755859375,161.1199951171875,96041900
78,2021-11-24,158.31854248046875,161.94000244140625,162.13999938964844,159.63999938964844,160.75,69463600
79,2021-11-26,153.3032684326172,156.80999755859375,160.4499969482422,156.36000061035156,159.57000732421875,76959800
80,2021-11-29,156.6565704345703,160.24000549316406,161.19000244140625,158.7899932861328,159.3699951171875,88748200
81,2021-11-30,161.6033935546875,165.3000030517578,165.52000427246094,159.9199981689453,159.99000549316406,174048100
82,2021-12-01,161.08526611328125,164.77000427246094,170.3000030517578,164.52999877929688,167.47999572753906,152052500
83,2021-12-02,160.09780883789062,163.75999450683594,164.1999969482422,157.8000030517578,158.74000549316406,136739200
84,2021-12-03,158.2207794189453,161.83999633789062,164.9600067138672,159.72000122070312,164.02000427246094,118023100
85,2021-12-06,161.6229705810547,165.32000732421875,167.8800048828125,164.27999877929688,164.2899932861328,107497000
86,2021-12-07,167.35191345214844,171.17999267578125,171.5800018310547,168.33999633789062,169.0800018310547,120405400
87,2021-12-08,171.16468811035156,175.0800018310547,175.9600067138672,170.6999969482422,172.1300048828125,116998900
88,2021-12-09,170.6562957763672,174.55999755859375,176.75,173.9199981689453,174.91000366210938,108923700
89,2021-12-10,175.4369354248047,179.4499969482422,179.6300048828125,174.69000244140625,175.2100067138672,115402700
90,2021-12-13,171.80995178222656,175.74000549316406,182.1300048828125,175.52999877929688,181.1199951171875,153237000
91,2021-12-14,170.4314727783203,174.3300018310547,177.74000549316406,172.2100067138672,175.25,139380400
92,2021-12-15,175.29034423828125,179.3000030517578,179.5,172.30999755859375,175.11000061035156,131063300
93,2021-12-16,168.40780639648438,172.25999450683594,181.13999938964844,170.75,179.27999877929688,150185800
94,2021-12-17,167.3128204345703,171.13999938964844,173.47000122070312,169.69000244140625,169.92999267578125,195432700
95,2021-12-20,165.95388793945312,169.75,170.5800018310547,167.4600067138672,168.27999877929688,107499100
96,2021-12-21,169.12142944335938,172.99000549316406,173.1999969482422,169.1199951171875,171.55999755859375,91185900
97,2021-12-22,171.71218872070312,175.63999938964844,175.86000061035156,172.14999389648438,173.0399932861328,92135300
98,2021-12-23,172.337890625,176.27999877929688,176.85000610351562,175.27000427246094,175.85000610351562,68356600
99,2021-12-27,176.2973175048828,180.3300018310547,180.4199981689453,177.07000732421875,177.08999633789062,74919600
100,2021-12-28,175.28054809570312,179.2899932861328,181.3300018310547,178.52999877929688,180.16000366210938,79144300
101,2021-12-29,175.3685302734375,179.3800048828125,180.6300048828125,178.13999938964844,179.3300018310547,62348900
102,2021-12-30,174.2149200439453,178.1999969482422,180.57000732421875,178.08999633789062,179.47000122070312,59773000
103,2021-12-31,173.59902954101562,177.57000732421875,179.22999572753906,177.25999450683594,178.08999633789062,64062300
104,2022-01-03,177.93971252441406,182.00999450683594,182.8800048828125,177.7100067138672,177.8300018310547,104487900
105,2022-01-04,175.68138122558594,179.6999969482422,182.94000244140625,179.1199951171875,182.6300048828125,99310400
106,2022-01-05,171.0082244873047,174.9199981689453,180.1699981689453,174.63999938964844,179.61000061035156,94537600
107,2022-01-06,168.153564453125,172.0,175.3000030517578,171.63999938964844,172.6999969482422,96904000
108,2022-01-07,168.3197784423828,172.1699981689453,174.13999938964844,171.02999877929688,172.88999938964844,86709100
109,2022-01-10,168.33934020996094,172.19000244140625,172.5,168.1699981689453,169.0800018310547,106765600
110,2022-01-11,171.16468811035156,175.0800018310547,175.17999267578125,170.82000732421875,172.32000732421875,76138300
111,2022-01-12,171.6046600341797,175.52999877929688,177.17999267578125,174.82000732421875,176.1199951171875,74805200
112,2022-01-13,168.33934020996094,172.19000244140625,176.6199951171875,171.7899932861328,175.77999877929688,84505800
113,2022-01-14,169.1996612548828,173.07000732421875,173.77999877929688,171.08999633789062,171.33999633789062,80440800
114,2022-01-18,166.00277709960938,169.8000030517578,172.5399932861328,169.41000366210938,171.50999450683594,90956700
115,2022-01-19,162.5126190185547,166.22999572753906,171.0800018310547,165.94000244140625,170.0,94815000
116,2022-01-20,160.83106994628906,164.50999450683594,169.67999267578125,164.17999267578125,166.97999572753906,91420500
117,2022-01-21,158.7780303955078,162.41000366210938,166.3300018310547,162.3000030517578,164.4199981689453,122848900
118,2022-01-24,158.00567626953125,161.6199951171875,162.3000030517578,154.6999969482422,160.02000427246094,162294600
119,2022-01-25,156.20684814453125,159.77999877929688,162.75999450683594,157.02000427246094,158.97999572753906,115798400
120,2022-01-26,156.1188507080078,159.69000244140625,164.38999938964844,157.82000732421875,163.5,108275300
121,2022-01-27,155.65936279296875,159.22000122070312,163.83999633789062,158.27999877929688,162.4499969482422,121954600
122,2022-01-28,166.52093505859375,170.3300018310547,170.35000610351562,162.8000030517578,165.7100067138672,179935700
123,2022-01-31,170.8713836669922,174.77999877929688,175.0,169.50999450683594,170.16000366210938,115541600
124,2022-02-01,170.7052001953125,174.61000061035156,174.83999633789062,172.30999755859375,174.00999450683594,86213900
125,2022-02-02,171.90768432617188,175.83999633789062,175.8800048828125,173.3300018310547,174.75,84914300
126,2022-02-03,169.03347778320312,172.89999389648438,176.24000549316406,172.1199951171875,174.47999572753906,89418100
127,2022-02-04,168.7495880126953,172.38999938964844,174.10000610351562,170.67999267578125,171.67999267578125,82465400
128,2022-02-07,168.03500366210938,171.66000366210938,173.9499969482422,170.9499969482422,172.86000061035156,77251200
129,2022-02-08,171.13807678222656,174.8300018310547,175.35000610351562,171.42999267578125,171.72999572753906,74829200
130,2022-02-09,172.5574493408203,176.27999877929688,176.64999389648438,174.89999389648438,176.0500030517578,71285000
131,2022-02-10,168.4852752685547,172.1199951171875,175.47999572753906,171.5500030517578,174.13999938964844,90865900
132,2022-02-11,165.07876586914062,168.63999938964844,173.0800018310547,168.0399932861328,172.3300018310547,98670700
133,2022-02-14,165.31369018554688,168.8800048828125,169.5800018310547,166.55999755859375,167.3699951171875,86185500
134,2022-02-15,169.1411590576172,172.7899932861328,172.9499969482422,170.25,170.97000122070312,62527400
135,2022-02-16,168.9062042236328,172.5500030517578,173.33999633789062,170.0500030517578,171.85000610351562,61177400
136,2022-02-17,165.31369018554688,168.8800048828125,171.91000366210938,168.47000122070312,171.02999877929688,69589300
137,2022-02-18,163.76705932617188,167.3000030517578,170.5399932861328,166.19000244140625,169.82000732421875,82772700
138,2022-02-22,160.8500213623047,164.32000732421875,166.69000244140625,162.14999389648438,164.97999572753906,91162800
139,2022-02-23,156.68978881835938,160.07000732421875,166.14999389648438,159.75,165.5399932861328,90009200
140,2022-02-24,159.30337524414062,162.74000549316406,162.85000610351562,152.0,152.5800018310547,141147500
141,2022-02-25,161.36880493164062,164.85000610351562,165.1199951171875,160.8699951171875,163.83999633789062,91974200
142,2022-02-28,161.63308715820312,165.1199951171875,165.4199981689453,162.42999267578125,163.05999755859375,95056600
143,2022-03-01,159.75367736816406,163.1999969482422,166.60000610351562,161.97000122070312,164.6999969482422,83474400
144,2022-03-02,163.04269409179688,166.55999755859375,167.36000061035156,162.9499969482422,164.38999938964844,79724800
145,2022-03-03,162.7196502685547,166.22999572753906,168.91000366210938,165.5500030517578,168.47000122070312,76678400
146,2022-03-04,159.72427368164062,163.1699981689453,165.5500030517578,162.10000610351562,164.49000549316406,83737200
147,2022-03-07,155.9359893798828,159.3000030517578,165.02000427246094,159.0399932861328,163.36000061035156,96418800
148,2022-03-08,154.1152801513672,157.44000244140625,162.8800048828125,155.8000030517578,158.82000732421875,131148300
149,2022-03-09,159.50892639160156,162.9499969482422,163.41000366210938,159.41000366210938,161.47999572753906,91454900
150,2022-03-10,155.17250061035156,158.52000427246094,160.38999938964844,155.97999572753906,160.1999969482422,105342000
151,2022-03-11,151.46255493164062,154.72999572753906,159.27999877929688,154.5,158.92999267578125,96970100
152,2022-03-14,147.43931579589844,150.6199951171875,154.1199951171875,150.10000610351562,151.4499969482422,108732100
153,2022-03-15,151.81491088867188,155.08999633789062,155.57000732421875,150.3800048828125,150.89999389648438,92964300
154,2022-03-16,156.2198944091797,159.58999633789062,160.0,154.4600067138672,157.0500030517578,102300200
155,2022-03-17,157.22811889648438,160.6199951171875,161.0,157.6300048828125,158.61000061035156,75615400
156,2022-03-18,160.51719665527344,163.97999572753906,164.47999572753906,159.75999450683594,160.50999450683594,123511700
157,2022-03-21,161.88760375976562,165.3800048828125,166.35000610351562,163.00999450683594,163.50999450683594,95811400
158,2022-03-22,165.2549591064453,168.82000732421875,169.4199981689453,164.91000366210938,165.50999450683594,81532000
159,2022-03-23,166.61563110351562,170.2100067138672,172.63999938964844,167.64999389648438,167.99000549316406,98062700
160,2022-03-24,170.3941192626953,174.07000732421875,174.13999938964844,170.2100067138672,171.05999755859375,90131400
161,2022-03-25,171.03036499023438,174.72000122070312,175.27999877929688,172.75,173.8800048828125,80546200
162,2022-03-28,171.89183044433594,175.60000610351562,175.72999572753906,172.0,172.1699981689453,90371900
163,2022-03-29,175.18084716796875,178.9600067138672,179.00999450683594,176.33999633789062,176.69000244140625,100589400
164,2022-03-30,174.0159454345703,177.77000427246094,179.61000061035156,176.6999969482422,178.5500030517578,92633200
165,2022-03-31,170.92269897460938,174.61000061035156,178.02999877929688,174.39999389648438,177.83999633789062,103049300
166,2022-04-01,170.62905883789062,174.30999755859375,174.8800048828125,171.94000244140625,174.02999877929688,78751300
167,2022-04-04,174.67184448242188,178.44000244140625,178.49000549316406,174.44000244140625,174.57000732421875,76468400
168,2022-04-05,171.36317443847656,175.05999755859375,178.3000030517578,174.4199981689453,177.5,73401800
169,2022-04-06,168.201416015625,171.8300018310547,173.6300048828125,170.1300048828125,172.36000061035156,89058800
170,2022-04-07,168.50486755371094,172.13999938964844,173.36000061035156,169.85000610351562,171.16000366210938,77594700
171,2022-04-08,166.49810791015625,170.08999633789062,171.77999877929688,169.1999969482422,171.77999877929688,76575500
172,2022-04-11,162.24977111816406,165.75,169.02999877929688,165.5,168.7100067138672,72246700
173,2022-04-12,164.1194610595703,167.66000366210938,169.8699951171875,166.63999938964844,168.02000427246094,79265200
174,2022-04-13,166.80160522460938,170.39999389648438,171.0399932861328,166.77000427246094,167.38999938964844,70618900
175,2022-04-14,161.79953002929688,165.2899932861328,171.27000427246094,165.0399932861328,170.6199951171875,75329400
176,2022-04-18,161.5841827392578,165.07000732421875,166.60000610351562,163.57000732421875,163.9199981689453,69023900
177,2022-04-19,163.86492919921875,167.39999389648438,167.82000732421875,163.91000366210938,165.02000427246094,67723800
178,2022-04-20,163.69854736328125,167.22999572753906,168.8800048828125,166.10000610351562,168.75999450683594,67929800
179,2022-04-21,162.9056396484375,166.4199981689453,171.52999877929688,165.91000366210938,168.91000366210938,87227800
180,2022-04-22,158.3734130859375,161.7899932861328,167.8699951171875,161.5,166.4600067138672,84882400
181,2022-04-25,159.44039916992188,162.8800048828125,163.1699981689453,158.4600067138672,161.1199951171875,96046400
182,2022-04-26,153.4888153076172,156.8000030517578,162.33999633789062,156.72000122070312,162.25,95623200
183,2022-04-27,153.26365661621094,156.57000732421875,159.7899932861328,155.3800048828125,155.91000366210938,88063200
184,2022-04-28,160.18435668945312,163.63999938964844,164.52000427246094,158.92999267578125,159.25,130216800
185,2022-04-29,154.32083129882812,157.64999389648438,166.1999969482422,157.25,161.83999633789062,131747600
186,2022-05-02,154.6243133544922,157.9600067138672,158.22999572753906,153.27000427246094,156.7100067138672,123055300
187,2022-05-03,156.11221313476562,159.47999572753906,160.7100067138672,156.32000732421875,158.14999389648438,88966500
188,2022-05-04,162.51409912109375,166.02000427246094,166.47999572753906,159.25999450683594,159.6699981689453,108256500
189,2022-05-05,153.45945739746094,156.77000427246094,164.0800018310547,154.9499969482422,163.85000610351562,130525300
190,2022-05-06,154.1848602294922,157.27999877929688,159.44000244140625,154.17999267578125,156.00999450683594,116124600
191,2022-05-09,149.0675811767578,152.05999755859375,155.8300018310547,151.49000549316406,154.92999267578125,131577900
192,2022-05-10,151.4693603515625,154.50999450683594,156.74000549316406,152.92999267578125,155.52000427246094,115366700
193,2022-05-11,143.61700439453125,146.5,155.4499969482422,145.80999755859375,153.5,142689800
194,2022-05-12,139.75450134277344,142.55999755859375,146.1999969482422,138.8000030517578,142.77000427246094,182602000
195,2022-05-13,144.2150115966797,147.11000061035156,148.10000610351562,143.11000061035156,144.58999633789062,113990900
196,2022-05-16,142.6759033203125,145.5399932861328,147.52000427246094,144.17999267578125,145.5500030517578,86643800
197,2022-05-17,146.30308532714844,149.24000549316406,149.77000427246094,146.67999267578125,148.86000061035156,78336300
198,2022-05-18,138.0487823486328,140.82000732421875,147.36000061035156,139.89999389648438,146.85000610351562,109742900
199,2022-05-19,134.64707946777344,137.35000610351562,141.66000366210938,136.60000610351562,139.8800048828125,136095600
200,2022-05-20,134.88235473632812,137.58999633789062,140.6999969482422,132.61000061035156,139.08999633789062,137426100
201,2022-05-23,140.29373168945312,143.11000061035156,143.25999450683594,137.64999389648438,137.7899932861328,117726300
202,2022-05-24,137.59783935546875,140.36000061035156,141.97000122070312,137.3300018310547,140.80999755859375,104132700
203,2022-05-25,137.75469970703125,140.52000427246094,141.7899932861328,138.33999633789062,138.42999267578125,92482700
204,2022-05-26,140.95053100585938,143.77999877929688,144.33999633789062,137.13999938964844,137.38999938964844,90601500
205,2022-05-27,146.69525146484375,149.63999938964844,149.67999267578125,145.25999450683594,145.38999938964844,90978500
206,2022-05-31,145.91098022460938,148.83999633789062,150.66000366210938,146.83999633789062,149.07000732421875,103718400
207,2022-06-01,145.7835235595703,148.7100067138672,151.74000549316406,147.67999267578125,149.89999389648438,74286600
208,2022-06-02,148.2342987060547,151.2100067138672,151.27000427246094,146.86000061035156,147.8300018310547,72348100
209,2022-06-03,142.51905822753906,145.3800048828125,147.97000122070312,144.4600067138672,146.89999389648438,88570300
210,2022-06-06,143.26409912109375,146.13999938964844,148.57000732421875,144.89999389648438,147.02999877929688,71598400
211,2022-06-07,145.7835235595703,148.7100067138672,149.0,144.10000610351562,144.35000610351562,67808200
212,2022-06-08,145.0482940673828,147.9600067138672,149.8699951171875,147.4600067138672,148.5800018310547,53950200
213,2022-06-09,139.8329620361328,142.63999938964844,147.9499969482422,142.52999877929688,147.0800018310547,69473000
214,2022-06-10,134.43141174316406,137.1300048828125,140.75999450683594,137.05999755859375,140.27999877929688,91437900
215,2022-06-13,129.28469848632812,131.8800048828125,135.1999969482422,131.44000244140625,132.8699951171875,122207100
216,2022-06-14,130.14739990234375,132.75999450683594,133.88999938964844,131.47999572753906,133.1300048828125,84784300
217,2022-06-15,132.76486206054688,135.42999267578125,137.33999633789062,132.16000366210938,134.2899932861328,91533000
218,2022-06-16,127.50054168701172,130.05999755859375,132.38999938964844,129.0399932861328,132.0800018310547,108123900
219,2022-06-17,128.9709930419922,131.55999755859375,133.0800018310547,129.80999755859375,130.07000732421875,134520300
220,2022-06-21,133.19619750976562,135.8699951171875,137.05999755859375,133.32000732421875,133.4199981689453,81000500
221,2022-06-22,132.6864471435547,135.35000610351562,137.75999450683594,133.91000366210938,134.7899932861328,73409200
222,2022-06-23,135.5489959716797,138.27000427246094,138.58999633789062,135.6300048828125,136.82000732421875,72433800
223,2022-06-24,138.8722686767578,141.66000366210938,141.91000366210938,139.77000427246094,139.89999389648438,89116800
224,2022-06-27,138.8722686767578,141.66000366210938,143.49000549316406,140.97000122070312,142.6999969482422,70207900
225,2022-06-28,134.73532104492188,137.44000244140625,143.4199981689453,137.32000732421875,142.1300048828125,67083400
226,2022-06-29,136.4900665283203,139.22999572753906,140.6699981689453,136.6699981689453,137.4600067138672,66242400
227,2022-06-30,134.0294952392578,136.72000122070312,138.3699951171875,133.77000427246094,137.25,98964500
228,2022-07-01,136.19598388671875,138.92999267578125,139.0399932861328,135.66000366210938,136.0399932861328,71051600
229,2022-07-05,138.77420043945312,141.55999755859375,141.61000061035156,136.92999267578125,137.77000427246094,73353800
230,2022-07-06,140.10745239257812,142.9199981689453,144.1199951171875,141.0800018310547,141.35000610351562,74064300
231,2022-07-07,143.469970703125,146.35000610351562,146.5500030517578,143.27999877929688,143.2899932861328,66253700
232,2022-07-08,144.1463623046875,147.0399932861328,147.5500030517578,145.0,145.25999450683594,64547800
233,2022-07-11,142.01905822753906,144.8699951171875,146.63999938964844,143.77999877929688,145.6699981689453,63141600
234,2022-07-12,142.98960876464844,145.86000061035156,148.4499969482422,145.0500030517578,145.75999450683594,77588800
235,2022-07-13,142.6269073486328,145.49000549316406,146.4499969482422,142.1199951171875,142.99000549316406,71185600
236,2022-07-14,145.54823303222656,148.47000122070312,148.9499969482422,143.25,144.0800018310547,78140700
237,2022-07-15,147.21478271484375,150.1699981689453,150.86000061035156,148.1999969482422,149.77999877929688,76259900
238,2022-07-18,144.17584228515625,147.07000732421875,151.57000732421875,146.6999969482422,150.74000549316406,81420900
239,2022-07-19,148.02845764160156,151.0,151.22999572753906,146.91000366210938,147.9199981689453,82982400
240,2022-07-20,150.02830505371094,153.0399932861328,153.72000122070312,150.3699951171875,151.1199951171875,64823400
241,2022-07-21,152.29286193847656,155.35000610351562,155.57000732421875,151.94000244140625,154.5,65086600
242,2022-07-22,151.05764770507812,154.08999633789062,156.27999877929688,153.41000366210938,155.38999938964844,66675400
243,2022-07-25,149.94007873535156,152.9499969482422,155.0399932861328,152.27999877929688,154.00999450683594,53623900
244,2022-07-26,148.6166534423828,151.60000610351562,153.08999633789062,150.8000030517578,152.25999450683594,55138700
245,2022-07-27,153.70449829101562,156.7899932861328,157.3300018310547,152.16000366210938,152.5800018310547,78620700
246,2022-07-28,154.2534942626953,157.35000610351562,157.63999938964844,154.41000366210938,156.97999572753906,81378700
247,2022-07-29,159.3119354248047,162.50999450683594,163.6300048828125,159.5,161.24000549316406,101786900
248,2022-08-01,158.3316192626953,161.50999450683594,163.58999633789062,160.88999938964844,161.00999450683594,67829400
249,2022-08-02,156.86114501953125,160.00999450683594,162.41000366210938,159.6300048828125,160.10000610351562,59907000
250,2022-08-03,162.86070251464844,166.1300048828125,166.58999633789062,160.75,160.83999633789062,82507500
251,2022-08-04,162.5469970703125,165.80999755859375,167.19000244140625,164.42999267578125,166.00999450683594,55474100
252,2022-08-05,162.32122802734375,165.35000610351562,165.85000610351562,163.0,163.2100067138672,56697000
253,2022-08-08,161.85000610351562,164.8699951171875,167.80999755859375,164.1999969482422,166.3699951171875,60276900
254,2022-08-09,161.8990936279297,164.9199981689453,165.82000732421875,163.25,164.02000427246094,63135500
255,2022-08-10,166.13995361328125,169.24000549316406,169.33999633789062,166.89999389648438,167.67999267578125,70170500
256,2022-08-11,165.40370178222656,168.49000549316406,170.99000549316406,168.19000244140625,170.05999755859375,57149200
257,2022-08-12,168.94760131835938,172.10000610351562,172.1699981689453,169.39999389648438,169.82000732421875,68039400
258,2022-08-15,170.01760864257812,173.19000244140625,173.38999938964844,171.35000610351562,171.52000427246094,54091700
259,2022-08-16,169.8605499267578,173.02999877929688,173.7100067138672,171.66000366210938,172.77999877929688,56377100
260,2022-08-17,171.35272216796875,174.5500030517578,176.14999389648438,172.57000732421875,172.77000427246094,79542000
261,2022-08-18,170.96002197265625,174.14999389648438,174.89999389648438,173.1199951171875,173.75,62290100
262,2022-08-19,168.3782196044922,171.52000427246094,173.74000549316406,171.30999755859375,173.02999877929688,70346300
263,2022-08-22,164.50054931640625,167.57000732421875,169.86000061035156,167.13999938964844,169.69000244140625,69026800
264,2022-08-23,164.16680908203125,167.22999572753906,168.7100067138672,166.64999389648438,167.0800018310547,54147100
265,2022-08-24,164.46128845214844,167.52999877929688,168.11000061035156,166.25,167.32000732421875,53841500
266,2022-08-25,166.91549682617188,170.02999877929688,170.13999938964844,168.35000610351562,168.77999877929688,51218200
267,2022-08-26,160.62290954589844,163.6199951171875,171.0500030517578,163.55999755859375,170.57000732421875,78961000
268,2022-08-29,158.42391967773438,161.3800048828125,162.89999389648438,159.82000732421875,161.14999389648438,73314000
269,2022-08-30,155.9991912841797,158.91000366210938,162.55999755859375,157.72000122070312,162.1300048828125,77906200
270,2022-08-31,154.3401336669922,157.22000122070312,160.5800018310547,157.13999938964844,160.30999755859375,87991100
271,2022-09-01,155.06658935546875,157.9600067138672,158.4199981689453,154.6699981689453,156.63999938964844,74229900
272,2022-09-02,152.9559783935547,155.80999755859375,160.36000061035156,154.97000122070312,159.75,76957800
273,2022-09-06,151.69943237304688,154.52999877929688,157.08999633789062,153.69000244140625,156.47000122070312,73714800
274,2022-09-07,153.10324096679688,155.9600067138672,156.6699981689453,153.61000061035156,154.82000732421875,87449600
275,2022-09-08,151.6307373046875,154.4600067138672,156.36000061035156,152.67999267578125,154.63999938964844,84923800
276,2022-09-09,154.4873809814453,157.3699951171875,157.82000732421875,154.75,155.47000122070312,68028800
277,2022-09-12,160.43638610839844,163.42999267578125,164.25999450683594,159.3000030517578,159.58999633789062,104956000
278,2022-09-13,151.0220489501953,153.83999633789062,160.5399932861328,153.3699951171875,159.89999389648438,122656600
279,2022-09-14,152.46511840820312,155.30999755859375,157.10000610351562,153.61000061035156,154.7899932861328,87965400
280,2022-09-15,149.5789337158203,152.3699951171875,155.24000549316406,151.3800048828125,154.64999389648438,90481100
281,2022-09-16,147.9395751953125,150.6999969482422,151.35000610351562,148.3699951171875,151.2100067138672,162278800
282,2022-09-19,151.6503448486328,154.47999572753906,154.55999755859375,149.10000610351562,149.30999755859375,81474200
283,2022-09-20,154.02598571777344,156.89999389648438,158.0800018310547,153.0800018310547,153.39999389648438,107689800
284,2022-09-21,150.90423583984375,153.72000122070312,158.74000549316406,153.60000610351562,157.33999633789062,101696800
285,2022-09-22,149.94219970703125,152.74000549316406,154.47000122070312,150.91000366210938,152.3800048828125,86652500
286,2022-09-23,147.6745147705078,150.42999267578125,151.47000122070312,148.55999755859375,151.19000244140625,96029900
287,2022-09-26,148.00830078125,150.77000427246094,153.77000427246094,149.63999938964844,149.66000366210938,93339400
288,2022-09-27,148.98013305664062,151.75999450683594,154.72000122070312,149.9499969482422,152.74000549316406,84442700
289,2022-09-28,147.09530639648438,149.83999633789062,150.63999938964844,144.83999633789062,147.63999938964844,146691400
290,2022-09-29,139.87014770507812,142.47999572753906,146.72000122070312,140.67999267578125,146.10000610351562,128138200
291,2022-09-30,135.6685333251953,138.1999969482422,143.10000610351562,138.0,141.27999877929688,124925300
292,2022-10-03,139.84068298339844,142.4499969482422,143.07000732421875,137.69000244140625,138.2100067138672,114311700
293,2022-10-04,143.42384338378906,146.10000610351562,146.22000122070312,144.25999450683594,145.02999877929688,87830100
294,2022-10-05,143.71832275390625,146.39999389648438,147.3800048828125,143.00999450683594,144.07000732421875,79471000
295,2022-10-06,142.76609802246094,145.42999267578125,147.5399932861328,145.22000122070312,145.80999755859375,68402200
296,2022-10-07,137.52391052246094,140.08999633789062,143.10000610351562,139.4499969482422,142.5399932861328,85925600
297,2022-10-10,137.84786987304688,140.4199981689453,141.88999938964844,138.57000732421875,140.4199981689453,74899000
298,2022-10-11,136.43421936035156,138.97999572753906,141.35000610351562,138.22000122070312,139.89999389648438,77033700
299,2022-10-12,135.80596923828125,138.33999633789062,140.36000061035156,138.16000366210938,139.1300048828125,70433700
300,2022-10-13,140.37081909179688,142.99000549316406,143.58999633789062,134.3699951171875,134.99000549316406,113224000
301,2022-10-14,135.84521484375,138.3800048828125,144.52000427246094,138.19000244140625,144.30999755859375,88598000
302,2022-10-17,139.80140686035156,142.41000366210938,142.89999389648438,140.27000427246094,141.07000732421875,85250900
303,2022-10-18,141.11688232421875,143.75,146.6999969482422,140.61000061035156,145.49000549316406,99136600
304,2022-10-19,141.22486877441406,143.86000061035156,144.9499969482422,141.5,141.69000244140625,61758300
305,2022-10-20,140.76344299316406,143.38999938964844,145.88999938964844,142.64999389648438,143.02000427246094,64522000
306,2022-10-21,144.5723876953125,147.27000427246094,147.85000610351562,142.64999389648438,142.8699951171875,86548600
307,2022-10-24,146.71246337890625,149.4499969482422,150.22999572753906,146.0,147.19000244140625,75981900
308,2022-10-25,149.54954528808594,152.33999633789062,152.49000549316406,149.36000061035156,150.08999633789062,74732300
309,2022-10-26,146.6143035888672,149.35000610351562,151.99000549316406,148.0399932861328,150.9600067138672,88194300
310,2022-10-27,142.1476287841797,144.8000030517578,149.0500030517578,144.1300048828125,148.07000732421875,109180200
311,2022-10-28,152.8872528076172,155.74000549316406,157.5,147.82000732421875,148.1999969482422,164762400
312,2022-10-31,150.53123474121094,153.33999633789062,154.24000549316406,151.9199981689453,153.16000366210938,97943200
313,2022-11-01,147.8904571533203,150.64999389648438,155.4499969482422,149.1300048828125,155.0800018310547,80379300
314,2022-11-02,142.37344360351562,145.02999877929688,152.1699981689453,145.0,148.9499969482422,93604600
315,2022-11-03,136.33609008789062,138.8800048828125,142.8000030517578,138.75,142.05999755859375,97918500
316,2022-11-04,136.07057189941406,138.3800048828125,142.6699981689453,134.3800048828125,142.08999633789062,140814800
317,2022-11-07,136.60157775878906,138.9199981689453,139.14999389648438,135.6699981689453,137.11000061035156,83374600
318,2022-11-08,137.17189025878906,139.5,141.42999267578125,137.49000549316406,140.41000366210938,89908500
319,2022-11-09,132.61915588378906,134.8699951171875,138.5500030517578,134.58999633789062,138.5,74917800
320,2022-11-10,144.4188995361328,146.8699951171875,146.8699951171875,139.5,141.24000549316406,118854000
321,2022-11-11,147.2017059326172,149.6999969482422,150.00999450683594,144.3699951171875,145.82000732421875,93979700
322,2022-11-14,145.8053436279297,148.27999877929688,150.27999877929688,147.42999267578125,148.97000122070312,73374100
323,2022-11-15,147.5359649658203,150.0399932861328,153.58999633789062,148.55999755859375,152.22000122070312,89868300
324,2022-11-16,146.30685424804688,148.7899932861328,149.8699951171875,147.2899932861328,149.1300048828125,64218300
325,2022-11-17,148.2046661376953,150.72000122070312,151.47999572753906,146.14999389648438,146.42999267578125,80389400
326,2022-11-18,148.76512145996094,151.2899932861328,152.6999969482422,149.97000122070312,152.30999755859375,74829600
327,2022-11-21,145.5398712158203,148.00999450683594,150.3699951171875,147.72000122070312,150.16000366210938,58724100
328,2022-11-22,147.67367553710938,150.17999267578125,150.4199981689453,146.92999267578125,148.1300048828125,51804100
329,2022-11-23,148.54879760742188,151.07000732421875,151.8300018310547,149.33999633789062,149.4499969482422,58301400
330,2022-11-25,145.63818359375,148.11000061035156,148.8800048828125,147.1199951171875,148.30999755859375,35195900
331,2022-11-28,141.8131103515625,144.22000122070312,146.63999938964844,143.3800048828125,145.13999938964844,69246000
332,2022-11-29,138.8140411376953,141.1699981689453,144.80999755859375,140.35000610351562,144.2899932861328,83763800
333,2022-11-30,145.55950927734375,148.02999877929688,148.72000122070312,140.5500030517578,141.39999389648438,111380900
334,2022-12-01,145.83485412597656,148.30999755859375,149.1300048828125,146.61000061035156,148.2100067138672,71250400
335,2022-12-02,145.34320068359375,147.80999755859375,148.0,145.64999389648438,145.9600067138672,65447400
336,2022-12-05,144.1829071044922,146.6300048828125,150.9199981689453,145.77000427246094,147.77000427246094,68826400
337,2022-12-06,140.52500915527344,142.91000366210938,147.3000030517578,141.9199981689453,147.07000732421875,64727200
338,2022-12-07,138.5878448486328,140.94000244140625,143.3699951171875,140.0,142.19000244140625,69721100
339,2022-12-08,140.2693328857422,142.64999389648438,143.52000427246094,141.10000610351562,142.36000061035156,62128300
340,2022-12-09,139.78750610351562,142.16000366210938,145.57000732421875,140.89999389648438,142.33999633789062,76097000
341,2022-12-12,142.07862854003906,144.49000549316406,144.5,141.05999755859375,142.6999969482422,70462700
342,2022-12-13,143.04225158691406,145.47000122070312,149.97000122070312,144.24000549316406,149.5,93886200
343,2022-12-14,140.81996154785156,143.2100067138672,146.66000366210938,141.16000366210938,145.35000610351562,82291200
344,2022-12-15,134.22195434570312,136.5,141.8000030517578,136.02999877929688,141.11000061035156,98931900
345,2022-12-16,132.26515197753906,134.50999450683594,137.64999389648438,133.72999572753906,136.69000244140625,160156900
346,2022-12-19,130.16090393066406,132.3699951171875,135.1999969482422,131.32000732421875,135.11000061035156,79592600
347,2022-12-20,130.09205627441406,132.3000030517578,133.25,129.88999938964844,131.38999938964844,77432800
348,2022-12-21,133.18948364257812,135.4499969482422,136.80999755859375,132.75,132.97999572753906,85928000
349,2022-12-22,130.023193359375,132.22999572753906,134.55999755859375,130.3000030517578,134.35000610351562,77852100
350,2022-12-23,129.65939331054688,131.86000061035156,132.4199981689453,129.63999938964844,130.9199981689453,63814900
351,2022-12-27,127.85995483398438,130.02999877929688,131.41000366210938,128.72000122070312,131.3800048828125,69007800
352,2022-12-28,123.93653869628906,126.04000091552734,131.02999877929688,125.87000274658203,129.6699981689453,85438400
353,2022-12-29,127.44695281982422,129.61000061035156,130.47999572753906,127.7300033569336,127.98999786376953,75703700
354,2022-12-30,127.76160430908203,129.92999267578125,129.9499969482422,127.43000030517578,128.41000366210938,77034200
355,2023-01-03,122.98271179199219,125.06999969482422,130.89999389648438,124.16999816894531,130.27999877929688,112117500
356,2023-01-04,124.25118255615234,126.36000061035156,128.66000366210938,125.08000183105469,126.88999938964844,89113600
357,2023-01-05,122.93354034423828,125.0199966430664,127.7699966430664,124.76000213623047,127.12999725341797,80962700
358,2023-01-06,127.456787109375,129.6199951171875,130.2899932861328,124.88999938964844,126.01000213623047,87754700
359,2023-01-09,127.97791290283203,130.14999389648438,133.41000366210938,129.88999938964844,130.47000122070312,70790800
360,2023-01-10,128.54824829101562,130.72999572753906,131.25999450683594,128.1199951171875,130.25999450683594,63896200
361,2023-01-11,131.26217651367188,133.49000549316406,133.50999450683594,130.4600067138672,131.25,69458900
362,2023-01-12,131.1835174560547,133.41000366210938,134.25999450683594,131.44000244140625,133.8800048828125,71379600
363,2023-01-13,132.510986328125,134.75999450683594,134.9199981689453,131.66000366210938,132.02999877929688,57809700
364,2023-01-17,133.6713409423828,135.94000244140625,137.2899932861328,134.1300048828125,134.8300018310547,63646600
365,2023-01-18,132.95350646972656,135.2100067138672,138.61000061035156,135.02999877929688,136.82000732421875,69672800
366,2023-01-19,133.0124969482422,135.27000427246094,136.25,133.77000427246094,134.0800018310547,58280400
367,2023-01-20,135.569091796875,137.8699951171875,138.02000427246094,134.22000122070312,135.27999877929688,80223600
368,2023-01-23,138.7550506591797,141.11000061035156,143.32000732421875,137.89999389648438,138.1199951171875,81760300
369,2023-01-24,140.15133666992188,142.52999877929688,143.16000366210938,140.3000030517578,140.30999755859375,66435100
370,2023-01-25,139.4925079345703,141.86000061035156,142.42999267578125,138.80999755859375,140.88999938964844,65799300
371,2023-01-26,141.55746459960938,143.9600067138672,144.25,141.89999389648438,143.1699981689453,54105100
372,2023-01-27,143.4945831298828,145.92999267578125,147.22999572753906,143.0800018310547,143.16000366210938,70555800
373,2023-01-30,140.61349487304688,143.0,145.5500030517578,142.85000610351562,144.9600067138672,64015300
374,2023-01-31,141.88189697265625,144.2899932861328,144.33999633789062,142.27999877929688,142.6999969482422,65874500
375,2023-02-01,143.00294494628906,145.42999267578125,146.61000061035156,141.32000732421875,143.97000122070312,77663600
376,2023-02-02,148.30299377441406,150.82000732421875,151.17999267578125,148.1699981689453,148.89999389648438,118339000
377,2023-02-03,151.92152404785156,154.5,157.3800048828125,147.8300018310547,148.02999877929688,154357300
378,2023-02-06,149.19776916503906,151.72999572753906,153.10000610351562,150.77999877929688,152.57000732421875,69858300
379,2023-02-07,152.06907653808594,154.64999389648438,155.22999572753906,150.63999938964844,150.63999938964844,83322600
380,2023-02-08,149.38462829589844,151.9199981689453,154.5800018310547,151.1699981689453,153.8800048828125,64120100
381,2023-02-09,148.3521270751953,150.8699951171875,154.3300018310547,150.4199981689453,153.77999877929688,56007100
382,2023-02-10,148.71653747558594,151.00999450683594,151.33999633789062,149.22000122070312,149.4600067138672,57450700
383,2023-02-13,151.5133819580078,153.85000610351562,154.25999450683594,150.9199981689453,150.9499969482422,62199000
384,2023-02-14,150.8732452392578,153.1999969482422,153.77000427246094,150.86000061035156,152.1199951171875,61707600
385,2023-02-15,152.97093200683594,155.3300018310547,155.5,152.8800048828125,153.11000061035156,65573800
386,2023-02-16,151.3755340576172,153.7100067138672,156.3300018310547,153.35000610351562,153.50999450683594,68167900
387,2023-02-17,150.233154296875,152.5500030517578,153.0,150.85000610351562,152.35000610351562,59144100
388,2023-02-21,146.22494506835938,148.47999572753906,151.3000030517578,148.41000366210938,150.1999969482422,58867200
389,2023-02-22,146.64842224121094,148.91000366210938,149.9499969482422,147.16000366210938,148.8699951171875,51011300
390,2023-02-23,147.13096618652344,149.39999389648438,150.33999633789062,147.24000549316406,150.08999633789062,48394200
391,2023-02-24,144.48187255859375,146.7100067138672,147.19000244140625,145.72000122070312,147.11000061035156,55469600
392,2023-02-27,145.67347717285156,147.9199981689453,149.1699981689453,147.4499969482422,147.7100067138672,44998500
393,2023-02-28,145.1712188720703,147.41000366210938,149.0800018310547,146.8300018310547,147.0500030517578,50547000
394,2023-03-01,143.1030731201172,145.30999755859375,147.22999572753906,145.00999450683594,146.8300018310547,55479000
395,2023-03-02,143.69398498535156,145.91000366210938,146.7100067138672,143.89999389648438,144.3800048828125,52238100
396,2023-03-03,148.73622131347656,151.02999877929688,151.11000061035156,147.3300018310547,148.0399932861328,70732300
397,2023-03-06,151.49368286132812,153.8300018310547,156.3000030517578,153.4600067138672,153.7899932861328,87558000
398,2023-03-07,149.2975616455078,151.60000610351562,154.02999877929688,151.1300048828125,153.6999969482422,56182000
399,2023-03-08,150.5482635498047,152.8699951171875,153.47000122070312,151.8300018310547,152.80999755859375,47204800
400,2023-03-09,148.3029022216797,150.58999633789062,154.5399932861328,150.22999572753906,153.55999755859375,53833600
401,2023-03-10,146.24464416503906,148.5,150.94000244140625,147.61000061035156,150.2100067138672,68572400
402,2023-03-13,148.1847381591797,150.47000122070312,153.13999938964844,147.6999969482422,147.80999755859375,84457100
403,2023-03-14,150.27252197265625,152.58999633789062,153.39999389648438,150.10000610351562,151.27999877929688,73695900
404,2023-03-15,150.6664581298828,152.99000549316406,153.25,149.9199981689453,151.19000244140625,77167900
405,2023-03-16,153.48300170898438,155.85000610351562,156.4600067138672,151.63999938964844,152.16000366210938,76161100
406,2023-03-17,152.6459503173828,155.0,156.74000549316406,154.27999877929688,156.0800018310547,98944600
407,2023-03-20,155.0094757080078,157.39999389648438,157.82000732421875,154.14999389648438,155.07000732421875,73641400
408,2023-03-21,156.8609161376953,159.27999877929688,159.39999389648438,156.5399932861328,157.32000732421875,73938300
409,2023-03-22,155.43296813964844,157.8300018310547,162.13999938964844,157.80999755859375,159.3000030517578,75701800
410,2023-03-23,156.51622009277344,158.92999267578125,161.5500030517578,157.67999267578125,158.8300018310547,67622100
411,2023-03-24,157.8162078857422,160.25,160.33999633789062,157.85000610351562,158.86000061035156,59196500
412,2023-03-27,155.87611389160156,158.27999877929688,160.77000427246094,157.8699951171875,159.94000244140625,52390300
413,2023-03-28,155.2556610107422,157.64999389648438,158.49000549316406,155.97999572753906,157.97000122070312,45992200
414,2023-03-29,158.32833862304688,160.77000427246094,161.0500030517578,159.35000610351562,159.3699951171875,51305700
415,2023-03-30,159.89413452148438,162.36000061035156,162.47000122070312,161.27000427246094,161.52999877929688,49501700
416,2023-03-31,162.3955535888672,164.89999389648438,165.0,161.91000366210938,162.44000244140625,68749800
417,2023-04-03,163.64627075195312,166.1699981689453,166.2899932861328,164.22000122070312,164.27000427246094,56976200
418,2023-04-04,163.11448669433594,165.6300048828125,166.83999633789062,165.11000061035156,166.60000610351562,46278300
419,2023-04-05,161.2728729248047,163.75999450683594,165.0500030517578,161.8000030517578,164.74000549316406,51511700
420,2023-04-06,162.15921020507812,164.66000366210938,164.9600067138672,162.0,162.42999267578125,45390100
421,2023-04-10,159.56918334960938,162.02999877929688,162.02999877929688,160.0800018310547,161.4199981689453,47716900
422,2023-04-11,158.35784912109375,160.8000030517578,162.36000061035156,160.50999450683594,162.35000610351562,47644200
423,2023-04-12,157.66848754882812,160.10000610351562,162.05999755859375,159.77999877929688,161.22000122070312,50133100
424,2023-04-13,163.04554748535156,165.55999755859375,165.8000030517578,161.4199981689453,161.6300048828125,68445600
425,2023-04-14,162.7008819580078,165.2100067138672,166.32000732421875,163.82000732421875,164.58999633789062,49386500
426,2023-04-17,162.7205810546875,165.22999572753906,165.38999938964844,164.02999877929688,165.08999633789062,41516200
427,2023-04-18,163.94171142578125,166.47000122070312,167.41000366210938,165.64999389648438,166.10000610351562,49923000
428,2023-04-19,165.08413696289062,167.6300048828125,168.16000366210938,165.5399932861328,165.8000030517578,47720200
429,2023-04-20,164.11898803710938,166.64999389648438,167.8699951171875,165.55999755859375,166.08999633789062,52456400
430,2023-04-21,162.51376342773438,165.02000427246094,166.4499969482422,164.49000549316406,165.0500030517578,58337300
431,2023-04-24,162.81906127929688,165.3300018310547,165.60000610351562,163.88999938964844,165.0,41949600
432,2023-04-25,161.28273010253906,163.77000427246094,166.30999755859375,163.72999572753906,165.19000244140625,48714100
433,2023-04-26,161.2728729248047,163.75999450683594,165.27999877929688,162.8000030517578,163.05999755859375,45498800
434,2023-04-27,165.8522491455078,168.41000366210938,168.55999755859375,165.19000244140625,165.19000244140625,64902300
435,2023-04-28,167.1029510498047,169.67999267578125,169.85000610351562,167.8800048828125,168.49000549316406,55275900
436,2023-05-01,167.0143585205078,169.58999633789062,170.4499969482422,168.63999938964844,169.27999877929688,52472900
437,2023-05-02,165.98028564453125,168.5399932861328,170.35000610351562,167.5399932861328,170.08999633789062,48425700
438,2023-05-03,164.90684509277344,167.4499969482422,170.9199981689453,167.16000366210938,169.5,65136000
439,2023-05-04,163.2720489501953,165.7899932861328,167.0399932861328,164.30999755859375,164.88999938964844,81235400
440,2023-05-05,170.9338836669922,173.57000732421875,174.3000030517578,170.75999450683594,170.97999572753906,113453200
441,2023-05-08,170.8649444580078,173.5,173.85000610351562,172.11000061035156,172.47999572753906,55962800
442,2023-05-09,169.16122436523438,171.77000427246094,173.5399932861328,171.60000610351562,173.0500030517578,45326900
443,2023-05-10,170.92404174804688,173.55999755859375,174.02999877929688,171.89999389648438,173.02000427246094,53724500
444,2023-05-11,171.11114501953125,173.75,174.58999633789062,172.1699981689453,173.85000610351562,49514700
445,2023-05-12,170.18414306640625,172.57000732421875,174.05999755859375,171.0,173.6199951171875,45533100
446,2023-05-15,169.69105529785156,172.07000732421875,173.2100067138672,171.47000122070312,173.16000366210938,37266700
447,2023-05-16,169.69105529785156,172.07000732421875,173.13999938964844,171.8000030517578,171.99000549316406,42110300
448,2023-05-17,170.30247497558594,172.69000244140625,172.92999267578125,170.4199981689453,171.7100067138672,57951600
449,2023-05-18,172.62985229492188,175.0500030517578,175.24000549316406,172.5800018310547,173.0,65496700
450,2023-05-19,172.73834228515625,175.16000366210938,176.38999938964844,174.94000244140625,176.38999938964844,55809500
451,2023-05-22,171.79161071777344,174.1999969482422,174.7100067138672,173.4499969482422,173.97999572753906,43570900
452,2023-05-23,169.18812561035156,171.55999755859375,173.3800048828125,171.27999877929688,173.1300048828125,50747300
453,2023-05-24,169.46424865722656,171.83999633789062,172.4199981689453,170.52000427246094,171.08999633789062,45143500
454,2023-05-25,170.5983428955078,172.99000549316406,173.89999389648438,171.69000244140625,172.41000366210938,56058300
455,2023-05-26,173.0045928955078,175.42999267578125,175.77000427246094,173.11000061035156,173.32000732421875,54835000
456,2023-05-30,174.8487548828125,177.3000030517578,178.99000549316406,176.57000732421875,176.9600067138672,55964400
457,2023-05-31,174.79946899414062,177.25,179.35000610351562,176.75999450683594,177.3300018310547,99625300
458,2023-06-01,177.60018920898438,180.08999633789062,180.1199951171875,176.92999267578125,177.6999969482422,68901800
459,2023-06-02,178.4482879638672,180.9499969482422,181.77999877929688,179.25999450683594,181.02999877929688,61996900
460,2023-06-05,177.0972137451172,179.5800018310547,184.9499969482422,178.0399932861328,182.6300048828125,121946500
461,2023-06-06,176.73236083984375,179.2100067138672,180.1199951171875,177.42999267578125,179.97000122070312,64848400
462,2023-06-07,175.361572265625,177.82000732421875,181.2100067138672,177.32000732421875,178.44000244140625,61944600
463,2023-06-08,178.0735626220703,180.57000732421875,180.83999633789062,177.4600067138672,177.89999389648438,50214900
464,2023-06-09,178.4581756591797,180.9600067138672,182.22999572753906,180.6300048828125,181.5,48900000
465,2023-06-12,181.2490234375,183.7899932861328,183.88999938964844,180.97000122070312,181.27000427246094,54274900
466,2023-06-13,180.77565002441406,183.30999755859375,184.14999389648438,182.44000244140625,182.8000030517578,54929100
467,2023-06-14,181.40679931640625,183.9499969482422,184.38999938964844,182.02000427246094,183.3699951171875,57462900
468,2023-06-15,183.43833923339844,186.00999450683594,186.52000427246094,183.77999877929688,183.9600067138672,65433200
469,2023-06-16,182.36343383789062,184.9199981689453,186.99000549316406,184.27000427246094,186.72999572753906,101256200
470,2023-06-20,182.45216369628906,185.00999450683594,186.10000610351562,184.41000366210938,184.41000366210938,49799100
471,2023-06-21,181.4166717529297,183.9600067138672,185.41000366210938,182.58999633789062,184.89999389648438,49515700
472,2023-06-22,184.4146728515625,187.0,187.0500030517578,183.6699981689453,183.74000549316406,51245300
473,2023-06-23,184.0990753173828,186.67999267578125,187.55999755859375,185.00999450683594,185.5500030517578,53117000
474,2023-06-26,182.7086181640625,185.27000427246094,188.0500030517578,185.22999572753906,186.8300018310547,48088700
475,2023-06-27,185.45997619628906,188.05999755859375,188.38999938964844,185.6699981689453,185.88999938964844,50730800
476,2023-06-28,186.63356018066406,189.25,189.89999389648438,187.60000610351562,187.92999267578125,51216800
477,2023-06-29,186.96884155273438,189.58999633789062,190.07000732421875,188.94000244140625,189.0800018310547,46347300
478,2023-06-30,191.2882537841797,193.97000122070312,194.47999572753906,191.25999450683594,191.6300048828125,85213200
479,2023-07-03,189.79917907714844,192.4600067138672,193.8800048828125,191.75999450683594,193.77999877929688,31458200
480,2023-07-05,188.68479919433594,191.3300018310547,192.97999572753906,190.6199951171875,191.57000732421875,46920300
481,2023-07-06,189.1581573486328,191.80999755859375,192.02000427246094,189.1999969482422,189.83999633789062,45094300
482,2023-07-07,188.0437469482422,190.67999267578125,192.6699981689453,190.24000549316406,191.41000366210938,46815000
483,2023-07-10,186.0023956298828,188.61000061035156,189.99000549316406,187.0399932861328,189.25999450683594,59922200
484,2023-07-11,185.479736328125,188.0800018310547,189.3000030517578,186.60000610351562,189.16000366210938,46638100
485,2023-07-12,187.14637756347656,189.77000427246094,191.6999969482422,188.47000122070312,189.67999267578125,60750200
486,2023-07-13,187.9057159423828,190.5399932861328,191.19000244140625,189.77999877929688,190.5,41342300
487,2023-07-14,188.0536346435547,190.69000244140625,191.17999267578125,189.6300048828125,190.22999572753906,41616200
488,2023-07-17,191.30801391601562,193.99000549316406,194.32000732421875,191.80999755859375,191.89999389648438,50520200
489,2023-07-18,191.0516357421875,193.72999572753906,194.3300018310547,192.4199981689453,193.35000610351562,48288200
490,2023-07-19,192.40267944335938,195.10000610351562,198.22999572753906,192.64999389648438,193.10000610351562,80507300
491,2023-07-20,190.4599151611328,193.1300048828125,196.47000122070312,192.5,195.08999633789062,59581200
492,2023-07-21,189.28636169433594,191.94000244140625,194.97000122070312,191.22999572753906,194.10000610351562,71951700
493,2023-07-24,190.0851287841797,192.75,194.91000366210938,192.25,193.41000366210938,45377800
494,2023-07-25,190.94309997558594,193.6199951171875,194.44000244140625,192.9199981689453,193.3300018310547,37283200
495,2023-07-26,191.8109588623047,194.5,195.63999938964844,193.32000732421875,193.6699981689453,47471900
496,2023-07-27,190.5486602783203,193.22000122070312,197.1999969482422,192.5500030517578,196.02000427246094,47460200
497,2023-07-28,193.1226043701172,195.8300018310547,196.6300048828125,194.13999938964844,194.6699981689453,48291400
498,2023-07-31,193.7340087890625,196.4499969482422,196.49000549316406,195.25999450683594,196.05999755859375,38824100
499,2023-08-01,192.90560913085938,195.61000061035156,196.72999572753906,195.27999877929688,196.24000549316406,35175100
500,2023-08-02,189.91749572753906,192.5800018310547,195.17999267578125,191.85000610351562,195.0399932861328,50389300
501,2023-08-03,188.5269775390625,191.1699981689453,192.3699951171875,190.69000244140625,191.57000732421875,61235200
502,2023-08-04,179.47393798828125,181.99000549316406,187.3800048828125,181.9199981689453,185.52000427246094,115956800
503,2023-08-07,176.3773193359375,178.85000610351562,183.1300048828125,177.35000610351562,182.1300048828125,97576100
504,2023-08-08,177.31417846679688,179.8000030517578,180.27000427246094,177.5800018310547,179.69000244140625,67823000
505,2023-08-09,175.7264862060547,178.19000244140625,180.92999267578125,177.00999450683594,180.8699951171875,60378500
506,2023-08-10,175.50950622558594,177.97000122070312,180.75,177.60000610351562,179.47999572753906,54686900
507,2023-08-11,175.5687255859375,177.7899932861328,178.6199951171875,176.5500030517578,177.32000732421875,52036700
508,2023-08-14,177.2178955078125,179.4600067138672,179.69000244140625,177.30999755859375,177.97000122070312,43675600
509,2023-08-15,175.23301696777344,177.4499969482422,179.47999572753906,177.0500030517578,178.8800048828125,43622600
510,2023-08-16,174.36399841308594,176.57000732421875,178.5399932861328,176.5,177.1300048828125,46964900
511,2023-08-17,171.8260955810547,174.0,177.50999450683594,173.47999572753906,177.13999938964844,66062900
512,2023-08-18,172.3099822998047,174.49000549316406,175.10000610351562,171.9600067138672,172.3000030517578,61172200
513,2023-08-21,173.64309692382812,175.83999633789062,176.1300048828125,173.74000549316406,175.07000732421875,46311900
514,2023-08-22,175.0157470703125,177.22999572753906,177.67999267578125,176.25,177.05999755859375,42038900
515,2023-08-23,178.8571319580078,181.1199951171875,181.5500030517578,178.3300018310547,178.52000427246094,52722800
516,2023-08-24,174.17637634277344,176.3800048828125,181.10000610351562,176.00999450683594,180.6699981689453,54945800
517,2023-08-25,176.37847900390625,178.61000061035156,179.14999389648438,175.82000732421875,177.3800048828125,51449600
518,2023-08-28,177.9387664794922,180.19000244140625,180.58999633789062,178.5500030517578,180.08999633789062,43820700
519,2023-08-29,181.81968688964844,184.1199951171875,184.89999389648438,179.5,179.6999969482422,53003900
520,2023-08-30,185.3055419921875,187.64999389648438,187.85000610351562,184.74000549316406,184.94000244140625,60813900
521,2023-08-31,185.52279663085938,187.8699951171875,189.1199951171875,187.47999572753906,187.83999633789062,60794500
522,2023-09-01,187.09295654296875,189.4600067138672,189.9199981689453,188.27999877929688,189.49000549316406,45766500
523,2023-09-05,187.3299560546875,189.6999969482422,189.97999572753906,187.61000061035156,188.27999877929688,45280000
524,2023-09-06,180.62477111816406,182.91000366210938,188.85000610351562,181.47000122070312,188.39999389648438,81755800
525,2023-09-07,175.34161376953125,177.55999755859375,178.2100067138672,173.5399932861328,175.17999267578125,112488800
526,2023-09-08,175.95387268066406,178.17999267578125,180.24000549316406,177.7899932861328,178.35000610351562,65551300
527,2023-09-11,177.11911010742188,179.36000061035156,180.3000030517578,177.33999633789062,180.07000732421875,58953100
528,2023-09-12,174.0973663330078,176.3000030517578,180.1300048828125,174.82000732421875,179.49000549316406,90370200
529,2023-09-13,172.03347778320312,174.2100067138672,177.3000030517578,173.97999572753906,176.50999450683594,84267900
530,2023-09-14,173.54437255859375,175.74000549316406,176.10000610351562,173.5800018310547,174.0,60895800
531,2023-09-15,172.8234405517578,175.00999450683594,176.5,173.82000732421875,176.47999572753906,109259500
532,2023-09-18,175.74647521972656,177.97000122070312,179.3800048828125,176.1699981689453,176.47999572753906,67257600
533,2023-09-19,176.832763671875,179.07000732421875,179.6300048828125,177.1300048828125,177.52000427246094,51826900
534,2023-09-20,173.29750061035156,175.49000549316406,179.6999969482422,175.39999389648438,179.25999450683594,58436200
535,2023-09-21,171.75697326660156,173.92999267578125,176.3000030517578,173.86000061035156,174.5500030517578,63149100
536,2023-09-22,172.60623168945312,174.7899932861328,177.0800018310547,174.0500030517578,174.6699981689453,56725400
537,2023-09-25,173.88011169433594,176.0800018310547,176.97000122070312,174.14999389648438,174.1999969482422,46172700
538,2023-09-26,169.8115997314453,171.9600067138672,175.1999969482422,171.66000366210938,174.82000732421875,64588900
539,2023-09-27,168.3007049560547,170.42999267578125,173.0399932861328,169.0500030517578,172.6199951171875,66921800
540,2023-09-28,168.55743408203125,170.69000244140625,172.02999877929688,167.6199951171875,169.33999633789062,56294400
541,2023-09-29,169.07098388671875,171.2100067138672,173.07000732421875,170.33999633789062,172.02000427246094,51861100
542,2023-10-02,171.5792236328125,173.75,174.3000030517578,170.92999267578125,171.22000122070312,52164500
543,2023-10-03,170.24609375,172.39999389648438,173.6300048828125,170.82000732421875,172.25999450683594,49594600
544,2023-10-04,171.49034118652344,173.66000366210938,174.2100067138672,170.97000122070312,171.08999633789062,53020300
545,2023-10-05,172.7247314453125,174.91000366210938,175.4499969482422,172.67999267578125,173.7899932861328,48527900
546,2023-10-06,175.2725067138672,177.49000549316406,177.99000549316406,173.17999267578125,173.8000030517578,57266700
547,2023-10-09,176.75376892089844,178.99000549316406,179.0500030517578,175.8000030517578,176.80999755859375,42390800
548,2023-10-10,176.1612548828125,178.38999938964844,179.72000122070312,177.9499969482422,178.10000610351562,43698000
549,2023-10-11,177.5536346435547,179.8000030517578,179.85000610351562,177.60000610351562,178.1999969482422,47551100
550,2023-10-12,178.45225524902344,180.7100067138672,182.33999633789062,179.0399932861328,180.07000732421875,56743100
551,2023-10-13,176.6155242919922,178.85000610351562,181.92999267578125,178.13999938964844,181.4199981689453,51427100
552,2023-10-16,176.48712158203125,178.72000122070312,179.0800018310547,176.50999450683594,176.75,52517000
553,2023-10-17,174.93673706054688,177.14999389648438,178.4199981689453,174.8000030517578,176.64999389648438,57549400
554,2023-10-18,173.64309692382812,175.83999633789062,177.5800018310547,175.11000061035156,175.5800018310547,54764400
555,2023-10-19,173.26788330078125,175.4600067138672,177.83999633789062,175.19000244140625,176.0399932861328,59302900
556,2023-10-20,170.72010803222656,172.8800048828125,175.4199981689453,172.63999938964844,175.30999755859375,64244000
557,2023-10-23,170.8385772705078,173.0,174.00999450683594,169.92999267578125,170.91000366210938,55980100
558,2023-10-24,171.2731170654297,173.44000244140625,173.6699981689453,171.4499969482422,173.0500030517578,43816600
559,2023-10-25,168.96234130859375,171.10000610351562,173.05999755859375,170.64999389648438,171.8800048828125,57157000
560,2023-10-26,164.80491638183594,166.88999938964844,171.3800048828125,165.6699981689453,170.3699951171875,70625300
561,2023-10-27,166.11831665039062,168.22000122070312,168.9600067138672,166.8300018310547,166.91000366210938,58499100
562,2023-10-30,168.1624298095703,170.2899932861328,171.1699981689453,168.8699951171875,169.02000427246094,51131000
563,2023-10-31,168.63645935058594,170.77000427246094,170.89999389648438,167.89999389648438,169.35000610351562,44846000
564,2023-11-01,171.79649353027344,173.97000122070312,174.22999572753906,170.1199951171875,171.0,56934900
565,2023-11-02,175.35150146484375,177.57000732421875,177.77999877929688,175.4600067138672,175.52000427246094,77334800
566,2023-11-03,174.44297790527344,176.64999389648438,176.82000732421875,173.35000610351562,174.24000549316406,79829200
567,2023-11-06,176.99073791503906,179.22999572753906,179.42999267578125,176.2100067138672,176.3800048828125,63841300
568,2023-11-07,179.5484161376953,181.82000732421875,182.44000244140625,178.97000122070312,179.17999267578125,70530000
569,2023-11-08,180.60504150390625,182.88999938964844,183.4499969482422,181.58999633789062,182.35000610351562,49340300
570,2023-11-09,180.13104248046875,182.41000366210938,184.1199951171875,181.80999755859375,182.9600067138672,53763500
571,2023-11-10,184.3136749267578,186.39999389648438,186.57000732421875,183.52999877929688,183.97000122070312,66133400
572,2023-11-13,182.73159790039062,184.8000030517578,186.02999877929688,184.2100067138672,185.82000732421875,43627500
573,2023-11-14,185.342041015625,187.44000244140625,188.11000061035156,186.3000030517578,187.6999969482422,60108400
574,2023-11-15,185.90565490722656,188.00999450683594,189.5,187.77999877929688,187.85000610351562,53790500
575,2023-11-16,187.586669921875,189.7100067138672,190.9600067138672,188.64999389648438,189.57000732421875,54412900
576,2023-11-17,187.56683349609375,189.69000244140625,190.3800048828125,188.57000732421875,190.25,50922700
577,2023-11-20,189.30718994140625,191.4499969482422,191.91000366210938,189.8800048828125,189.88999938964844,46505100
578,2023-11-21,188.5062255859375,190.63999938964844,191.52000427246094,189.74000549316406,191.41000366210938,38134500
579,2023-11-22,189.16873168945312,191.30999755859375,192.92999267578125,190.8300018310547,191.49000549316406,39617700
580,2023-11-24,187.84371948242188,189.97000122070312,190.89999389648438,189.25,190.8699951171875,24048300
581,2023-11-27,187.6657257080078,189.7899932861328,190.6699981689453,188.89999389648438,189.9199981689453,40552600
582,2023-11-28,188.26890563964844,190.39999389648438,191.0800018310547,189.39999389648438,189.77999877929688,38415400
583,2023-11-29,187.25042724609375,189.3699951171875,192.08999633789062,188.97000122070312,190.89999389648438,43014200
584,2023-11-30,187.82394409179688,189.9499969482422,190.32000732421875,188.19000244140625,189.83999633789062,48794400
585,2023-12-01,189.0995330810547,191.24000549316406,191.55999755859375,189.22999572753906,190.3300018310547,45704800
586,2023-12-04,187.30975341796875,189.42999267578125,190.0500030517578,187.4499969482422,189.97999572753906,43389500
587,2023-12-05,191.25511169433594,193.4199981689453,194.39999389648438,190.17999267578125,190.2100067138672,66628400
588,2023-12-06,190.1674346923828,192.32000732421875,194.75999450683594,192.11000061035156,194.4499969482422,41089700
589,2023-12-07,192.09556579589844,194.27000427246094,195.0,193.58999633789062,193.6300048828125,47477700
590,2023-12-08,193.51950073242188,195.7100067138672,195.99000549316406,193.6699981689453,194.1999969482422,53406400
591,2023-12-11,191.01779174804688,193.17999267578125,193.49000549316406,191.4199981689453,193.11000061035156,60943700
592,2023-12-12,192.5306854248047,194.7100067138672,194.72000122070312,191.72000122070312,193.0800018310547,52696900
593,2023-12-13,195.7443084716797,197.9600067138672,198.0,194.85000610351562,195.08999633789062,70404200
594,2023-12-14,195.8926239013672,198.11000061035156,199.6199951171875,196.16000366210938,198.02000427246094,66831600
595,2023-12-15,195.3586883544922,197.57000732421875,198.39999389648438,197.0,197.52999877929688,128538400
596,2023-12-18,193.6974639892578,195.88999938964844,196.6300048828125,194.38999938964844,196.08999633789062,55751900
597,2023-12-19,194.7357177734375,196.94000244140625,196.9499969482422,195.88999938964844,196.16000366210938,40714100
598,2023-12-20,192.64932250976562,194.8300018310547,197.67999267578125,194.8300018310547,196.89999389648438,52242800
599,2023-12-21,192.5009765625,194.67999267578125,197.0800018310547,193.5,196.10000610351562,46482500
600,2023-12-22,191.43309020996094,193.60000610351562,195.41000366210938,192.97000122070312,195.17999267578125,37149600
601,2023-12-26,190.88925170898438,193.0500030517578,193.88999938964844,192.8300018310547,193.61000061035156,28919300
602,2023-12-27,190.9881591796875,193.14999389648438,193.5,191.08999633789062,192.49000549316406,48087700
603,2023-12-28,191.413330078125,193.5800018310547,194.66000366210938,193.1699981689453,194.13999938964844,34049900
604,2023-12-29,190.3750762939453,192.52999877929688,194.39999389648438,191.72999572753906,193.89999389648438,42672100
605,2024-01-02,183.5621795654297,185.63999938964844,188.44000244140625,183.88999938964844,187.14999389648438,82488700
606,2024-01-03,182.18772888183594,184.25,185.8800048828125,183.42999267578125,184.22000122070312,58414500
607,2024-01-04,179.8739471435547,181.91000366210938,183.08999633789062,180.8800048828125,182.14999389648438,71983600
608,2024-01-05,179.152099609375,181.17999267578125,182.75999450683594,180.1699981689453,181.99000549316406,62379700
609,2024-01-08,183.48309326171875,185.55999755859375,185.60000610351562,181.5,182.08999633789062,59144500
610,2024-01-09,183.06777954101562,185.13999938964844,185.14999389648438,182.72999572753906,183.9199981689453,42841800
611,2024-01-10,184.10601806640625,186.19000244140625,186.39999389648438,183.9199981689453,184.35000610351562,46792900
612,2024-01-11,183.51272583007812,185.58999633789062,187.0500030517578,183.6199951171875,186.5399932861328,49128400
613,2024-01-12,183.8390350341797,185.9199981689453,186.74000549316406,185.19000244140625,186.05999755859375,40477800
614,2024-01-16,181.57467651367188,183.6300048828125,184.25999450683594,180.92999267578125,182.16000366210938,65603000
615,2024-01-17,180.63531494140625,182.67999267578125,182.92999267578125,180.3000030517578,181.27000427246094,47317400
616,2024-01-18,186.51870727539062,188.6300048828125,189.13999938964844,185.8300018310547,186.08999633789062,78005800
617,2024-01-19,189.41592407226562,191.55999755859375,191.9499969482422,188.82000732421875,189.3300018310547,68903000
618,2024-01-22,191.71981811523438,193.88999938964844,195.3300018310547,192.25999450683594,192.3000030517578,60133900
619,2024-01-23,192.99542236328125,195.17999267578125,195.75,193.8300018310547,195.02000427246094,42355600
620,2024-01-24,192.32302856445312,194.5,196.3800048828125,194.33999633789062,195.4199981689453,53631300
621,2024-01-25,191.99671936035156,194.1699981689453,196.27000427246094,193.11000061035156,195.22000122070312,54822100
622,2024-01-26,190.2663116455078,192.4199981689453,194.75999450683594,191.94000244140625,194.27000427246094,44594000
623,2024-01-29,189.5840301513672,191.72999572753906,192.1999969482422,189.5800018310547,192.00999450683594,47145600
624,2024-01-30,185.93533325195312,188.0399932861328,191.8000030517578,187.47000122070312,190.94000244140625,55859400
625,2024-01-31,182.3360595703125,184.39999389648438,187.10000610351562,184.35000610351562,187.0399932861328,55467800
626,2024-02-01,184.76852416992188,186.86000061035156,186.9499969482422,183.82000732421875,183.99000549316406,64885400
627,2024-02-02,183.7698516845703,185.85000610351562,187.3300018310547,179.25,179.86000061035156,102551700
628,2024-02-05,185.57936096191406,187.67999267578125,189.25,185.83999633789062,188.14999389648438,69668800
629,2024-02-06,187.1812286376953,189.3000030517578,189.30999755859375,186.77000427246094,186.86000061035156,43490800
630,2024-02-07,187.2899932861328,189.41000366210938,191.0500030517578,188.61000061035156,190.63999938964844,53439000
631,2024-02-08,186.21218872070312,188.32000732421875,189.5399932861328,187.35000610351562,189.38999938964844,40962000
632,2024-02-09,186.9745330810547,188.85000610351562,189.99000549316406,188.0,188.64999389648438,45155200
633,2024-02-12,185.2914581298828,187.14999389648438,188.6699981689453,186.7899932861328,188.4199981689453,41781900
634,2024-02-13,183.20236206054688,185.0399932861328,186.2100067138672,183.50999450683594,185.77000427246094,56529500
635,2024-02-14,182.32119750976562,184.14999389648438,185.52999877929688,182.44000244140625,185.32000732421875,54630500
636,2024-02-15,182.0341033935547,183.86000061035156,184.49000549316406,181.35000610351562,183.5500030517578,65434500
637,2024-02-16,180.49949645996094,182.30999755859375,184.85000610351562,181.6699981689453,183.4199981689453,49752500
638,2024-02-20,179.75692749023438,181.55999755859375,182.42999267578125,180.0,181.7899932861328,53665600
639,2024-02-21,180.5093994140625,182.32000732421875,182.88999938964844,180.66000366210938,181.94000244140625,41371400
640,2024-02-22,182.5390167236328,184.3699951171875,184.9600067138672,182.4600067138672,183.47999572753906,52292200
641,2024-02-23,180.70741271972656,182.52000427246094,185.0399932861328,182.22999572753906,185.00999450683594,45119700
642,2024-02-26,179.36093139648438,181.16000366210938,182.75999450683594,180.64999389648438,182.24000549316406,40867400
643,2024-02-27,180.81631469726562,182.6300048828125,183.9199981689453,179.55999755859375,181.10000610351562,54318900
644,2024-02-28,179.61830139160156,181.4199981689453,183.1199951171875,180.1300048828125,182.50999450683594,48953900
645,2024-02-29,178.95498657226562,180.75,182.57000732421875,179.52999877929688,181.27000427246094,136682600
646,2024-03-01,177.87582397460938,179.66000366210938,180.52999877929688,177.3800048828125,179.5500030517578,73563100
647,2024-03-04,173.36109924316406,175.10000610351562,176.89999389648438,173.7899932861328,176.14999389648438,81510100
648,2024-03-05,168.43055725097656,170.1199951171875,172.0399932861328,169.6199951171875,170.75999450683594,95132400
649,2024-03-06,167.44046020507812,169.1199951171875,171.24000549316406,168.67999267578125,171.05999755859375,68587700
650,2024-03-07,167.32167053222656,169.0,170.72999572753906,168.49000549316406,169.14999389648438,71765100
651,2024-03-08,169.03448486328125,170.72999572753906,173.6999969482422,168.94000244140625,169.0,76267000
652,2024-03-11,171.034423828125,172.75,174.3800048828125,172.0500030517578,172.94000244140625,60139500
653,2024-03-12,171.50965881347656,173.22999572753906,174.02999877929688,171.00999450683594,173.14999389648438,59825400
654,2024-03-13,169.43052673339844,171.1300048828125,173.19000244140625,170.75999450683594,172.77000427246094,52488700
655,2024-03-14,171.2819366455078,173.0,174.30999755859375,172.0500030517578,172.91000366210938,72913500
656,2024-03-15,170.9057159423828,172.6199951171875,172.6199951171875,170.2899932861328,171.1699981689453,121752700
657,2024-03-18,171.9947967529297,173.72000122070312,177.7100067138672,173.52000427246094,175.57000732421875,75604200
658,2024-03-19,174.33135986328125,176.0800018310547,176.61000061035156,173.02999877929688,174.33999633789062,55215200
659,2024-03-20,176.8956298828125,178.6699981689453,178.6699981689453,175.08999633789062,175.72000122070312,53423100
660,2024-03-21,169.66815185546875,171.3699951171875,177.49000549316406,170.83999633789062,177.0500030517578,106181300
661,2024-03-22,170.56910705566406,172.27999877929688,173.0500030517578,170.05999755859375,171.75999450683594,71160100
662,2024-03-25,169.15328979492188,170.85000610351562,171.94000244140625,169.4499969482422,170.57000732421875,54288300
663,2024-03-26,168.02462768554688,169.7100067138672,171.4199981689453,169.5800018310547,170.0,57388400
664,2024-03-27,171.5888671875,173.30999755859375,173.60000610351562,170.11000061035156,170.41000366210938,60273300
665,2024-03-28,169.77703857421875,171.47999572753906,172.22999572753906,170.50999450683594,171.75,65672700
666,2024-04-01,168.34144592285156,170.02999877929688,171.25,169.47999572753906,171.19000244140625,46240500
667,2024-04-02,167.1632537841797,168.83999633789062,169.33999633789062,168.22999572753906,169.0800018310547,49329500
668,2024-04-03,167.9652099609375,169.64999389648438,170.67999267578125,168.5800018310547,168.7899932861328,47691700
669,2024-04-04,167.1434783935547,168.82000732421875,171.9199981689453,168.82000732421875,170.2899932861328,53704400
670,2024-04-05,167.89590454101562,169.5800018310547,170.38999938964844,168.9499969482422,169.58999633789062,42104800
671,2024-04-08,166.7771453857422,168.4499969482422,169.1999969482422,168.24000549316406,169.02999877929688,37425500
672,2024-04-09,167.98500061035156,169.6699981689453,170.0800018310547,168.35000610351562,168.6999969482422,42373800
673,2024-04-10,166.11378479003906,167.77999877929688,169.08999633789062,167.11000061035156,168.8000030517578,49709300
674,2024-04-11,173.30169677734375,175.0399932861328,175.4600067138672,168.16000366210938,168.33999633789062,91070300
675,2024-04-12,174.79669189453125,176.5500030517578,178.36000061035156,174.2100067138672,174.25999450683594,101670900
676,2024-04-15,170.9750213623047,172.69000244140625,176.6300048828125,172.5,175.36000061035156,73531800
677,2024-04-16,167.69790649414062,169.3800048828125,173.75999450683594,168.27000427246094,171.75,73711200
678,2024-04-17,166.3316192626953,168.0,170.64999389648438,168.0,169.61000061035156,50901200
679,2024-04-18,165.38111877441406,167.0399932861328,168.63999938964844,166.5500030517578,168.02999877929688,43122900
680,2024-04-19,163.3614044189453,165.0,166.39999389648438,164.0800018310547,166.2100067138672,68149400
681,2024-04-22,164.1930389404297,165.83999633789062,167.25999450683594,164.77000427246094,165.52000427246094,48116400
682,2024-04-23,165.2425079345703,166.89999389648438,167.0500030517578,164.9199981689453,165.35000610351562,49537800
683,2024-04-24,167.34149169921875,169.02000427246094,169.3000030517578,166.2100067138672,166.5399932861328,48251800
684,2024-04-25,168.20285034179688,169.88999938964844,170.61000061035156,168.14999389648438,169.52999877929688,50558300
685,2024-04-26,167.6186981201172,169.3000030517578,171.33999633789062,169.17999267578125,169.8800048828125,44838400
686,2024-04-29,171.77699279785156,173.5,176.02999877929688,173.10000610351562,173.3699951171875,68169400
687,2024-04-30,168.6384735107422,170.3300018310547,174.99000549316406,170.0,173.3300018310547,65934800
688,2024-05-01,167.6186981201172,169.3000030517578,172.7100067138672,169.11000061035156,169.5800018310547,50383100
689,2024-05-02,171.31163024902344,173.02999877929688,173.4199981689453,170.88999938964844,172.50999450683594,94214900
690,2024-05-03,181.55885314941406,183.3800048828125,187.0,182.66000366210938,186.64999389648438,163224100
691,2024-05-06,179.9054718017578,181.7100067138672,184.1999969482422,180.4199981689453,182.35000610351562,78569700
692,2024-05-07,180.58856201171875,182.39999389648438,184.89999389648438,181.32000732421875,183.4499969482422,77305800
693,2024-05-08,180.9252166748047,182.74000549316406,183.07000732421875,181.4499969482422,182.85000610351562,45057100
694,2024-05-09,182.737060546875,184.57000732421875,184.66000366210938,182.11000061035156,182.55999755859375,48983000
695,2024-05-10,181.4779510498047,183.0500030517578,185.08999633789062,182.1300048828125,184.89999389648438,50759500
696,2024-05-13,184.6802215576172,186.27999877929688,187.10000610351562,184.6199951171875,185.44000244140625,72044800
697,2024-05-14,185.82029724121094,187.42999267578125,188.3000030517578,186.2899932861328,187.50999450683594,52393600
698,2024-05-15,188.09066772460938,189.72000122070312,190.64999389648438,187.3699951171875,187.91000366210938,70400000
699,2024-05-16,188.20960998535156,189.83999633789062,191.10000610351562,189.66000366210938,190.47000122070312,52845200
700,2024-05-17,188.23939514160156,189.8699951171875,190.80999755859375,189.17999267578125,189.50999450683594,41282900
701,2024-05-20,189.39935302734375,191.0399932861328,191.9199981689453,189.00999450683594,189.3300018310547,44361300
702,2024-05-21,190.69808959960938,192.35000610351562,192.72999572753906,190.9199981689453,191.08999633789062,42309400
703,2024-05-22,189.2605438232422,190.89999389648438,192.82000732421875,190.27000427246094,192.27000427246094,34648500
704,2024-05-23,185.27508544921875,186.8800048828125,191.0,186.6300048828125,190.97999572753906,51005900
705,2024-05-24,188.34844970703125,189.97999572753906,190.5800018310547,188.0399932861328,188.82000732421875,36327000
706,2024-05-28,188.35833740234375,189.99000549316406,193.0,189.10000610351562,191.50999450683594,52280100
707,2024-05-29,188.65576171875,190.2899932861328,192.25,189.50999450683594,189.61000061035156,53068000
708,2024-05-30,189.64718627929688,191.2899932861328,192.17999267578125,190.6300048828125,190.75999450683594,49889100
709,2024-05-31,190.5989227294922,192.25,192.57000732421875,189.91000366210938,191.44000244140625,75158300
710,2024-06-03,192.36366271972656,194.02999877929688,194.99000549316406,192.52000427246094,192.89999389648438,50080500
711,2024-06-04,192.68092346191406,194.35000610351562,195.32000732421875,193.02999877929688,194.63999938964844,47471400
712,2024-06-05,194.18785095214844,195.8699951171875,196.89999389648438,194.8699951171875,195.39999389648438,54156800
713,2024-06-06,192.80979919433594,194.47999572753906,196.5,194.1699981689453,195.69000244140625,41181800
714,2024-06-07,195.19911193847656,196.88999938964844,196.94000244140625,194.13999938964844,194.64999389648438,53103900
715,2024-06-10,191.46148681640625,193.1199951171875,197.3000030517578,192.14999389648438,196.89999389648438,97010200
716,2024-06-11,205.37098693847656,207.14999389648438,207.16000366210938,193.6300048828125,193.64999389648438,172373300
717,2024-06-12,211.2401580810547,213.07000732421875,220.1999969482422,206.89999389648438,207.3699951171875,198134300
718,2024-06-13,212.40008544921875,214.24000549316406,216.75,211.60000610351562,214.74000549316406,97862700
719,2024-06-14,210.6651153564453,212.49000549316406,215.1699981689453,211.3000030517578,213.85000610351562,70122700
720,2024-06-17,214.80921936035156,216.6699981689453,218.9499969482422,212.72000122070312,213.3699951171875,93728300
721,2024-06-18,212.4496612548828,214.2899932861328,218.6300048828125,213.0,217.58999633789062,79943300
722,2024-06-20,207.87925720214844,209.67999267578125,214.24000549316406,208.85000610351562,213.92999267578125,86172500
723,2024-06-21,205.70806884765625,207.49000549316406,211.88999938964844,207.11000061035156,210.38999938964844,241805100
724,2024-06-24,206.35247802734375,208.13999938964844,212.6999969482422,206.58999633789062,207.72000122070312,80727000
725,2024-06-25,207.27450561523438,209.07000732421875,211.3800048828125,208.61000061035156,209.14999389648438,55549700
726,2024-06-26,211.4185791015625,213.25,214.86000061035156,210.63999938964844,211.5,66213200
727,2024-06-27,212.26132202148438,214.10000610351562,215.74000549316406,212.35000610351562,214.69000244140625,49772700
728,2024-06-28,208.81117248535156,210.6199951171875,216.07000732421875,210.3000030517578,215.77000427246094,82542700
729,2024-07-01,214.88853454589844,216.75,217.50999450683594,211.9199981689453,212.08999633789062,60402900
730,2024-07-02,218.37831115722656,220.27000427246094,220.3800048828125,215.10000610351562,216.14999389648438,58046200
731,2024-07-03,219.64732360839844,221.5500030517578,221.5500030517578,219.02999877929688,220.0,37369800
732,2024-07-05,224.3961639404297,226.33999633789062,226.4499969482422,221.64999389648438,221.64999389648438,60412400
733,2024-07-08,225.8634796142578,227.82000732421875,227.85000610351562,223.25,227.08999633789062,59085900
734,2024-07-09,226.71604919433594,228.67999267578125,229.39999389648438,226.3699951171875,227.92999267578125,48076100
735,2024-07-10,230.97914123535156,232.97999572753906,233.0800018310547,229.25,229.3000030517578,62627700
736,2024-07-11,225.61561584472656,227.57000732421875,232.38999938964844,225.77000427246094,231.38999938964844,64710600
737,2024-07-12,228.56008911132812,230.5399932861328,232.63999938964844,228.67999267578125,228.9199981689453,53046500
738,2024-07-15,232.38694763183594,234.39999389648438,237.22999572753906,233.08999633789062,236.47999572753906,62631300
739,2024-07-16,232.80335998535156,234.82000732421875,236.27000427246094,232.3300018310547,235.0,43234300
740,2024-07-17,226.9143829345703,228.8800048828125,231.4600067138672,226.63999938964844,229.4499969482422,57345900
741,2024-07-18,222.2547149658203,224.17999267578125,230.44000244140625,222.27000427246094,230.27999877929688,66034600
742,2024-07-19,222.3836212158203,224.30999755859375,226.8000030517578,223.27999877929688,224.82000732421875,49151500
743,2024-07-22,222.03663635253906,223.9600067138672,227.77999877929688,223.08999633789062,227.00999450683594,48201800
744,2024-07-23,223.0775909423828,225.00999450683594,226.94000244140625,222.67999267578125,224.3699951171875,39960300
745,2024-07-24,216.6631622314453,218.5399932861328,224.8000030517578,217.1300048828125,224.0,61777600
746,2024-07-25,215.6221923828125,217.49000549316406,220.85000610351562,214.6199951171875,218.92999267578125,51391200
747,2024-07-26,216.08815002441406,217.9600067138672,219.49000549316406,216.00999450683594,218.6999969482422,41601300
748,2024-07-29,216.36575317382812,218.24000549316406,219.3000030517578,215.75,216.9600067138672,36311800
749,2024-07-30,216.9209442138672,218.8000030517578,220.3300018310547,216.1199951171875,219.19000244140625,41643800
750,2024-07-31,220.17276000976562,222.0800018310547,223.82000732421875,220.6300048828125,221.44000244140625,50036300
751,2024-08-01,216.4846954345703,218.36000061035156,224.47999572753906,217.02000427246094,224.3699951171875,62501000
752,2024-08-02,217.97181701660156,219.86000061035156,225.60000610351562,217.7100067138672,219.14999389648438,105568600
753,2024-08-05,207.47279357910156,209.27000427246094,213.5,196.0,199.08999633789062,119548600
754,2024-08-06,205.45030212402344,207.22999572753906,209.99000549316406,201.07000732421875,205.3000030517578,69660500
755,2024-08-07,208.01806640625,209.82000732421875,213.63999938964844,206.38999938964844,206.89999389648438,63516400
756,2024-08-08,211.47805786132812,213.30999755859375,214.1999969482422,208.8300018310547,213.11000061035156,47161100
757,2024-08-09,214.3829345703125,216.24000549316406,216.77999877929688,211.97000122070312,212.10000610351562,42201600
758,2024-08-12,215.91146850585938,217.52999877929688,219.50999450683594,215.60000610351562,216.07000732421875,38028100
759,2024-08-13,219.62364196777344,221.27000427246094,221.88999938964844,219.00999450683594,219.00999450683594,44155300
760,2024-08-14,220.07028198242188,221.72000122070312,223.02999877929688,219.6999969482422,220.57000732421875,41960600
761,2024-08-15,223.04795837402344,224.72000122070312,225.35000610351562,222.75999450683594,224.60000610351562,46414000
762,2024-08-16,224.36807250976562,226.0500030517578,226.8300018310547,223.64999389648438,223.9199981689453,44340200
763,2024-08-19,224.2092742919922,225.88999938964844,225.99000549316406,223.0399932861328,225.72000122070312,40687800
764,2024-08-20,224.82464599609375,226.50999450683594,227.1699981689453,225.4499969482422,225.77000427246094,30299000
765,2024-08-21,224.7154541015625,226.39999389648438,227.97999572753906,225.0500030517578,226.52000427246094,34765500
766,2024-08-22,222.85939025878906,224.52999877929688,228.33999633789062,223.89999389648438,227.7899932861328,43695300
767,2024-08-23,225.15219116210938,226.83999633789062,228.22000122070312,224.3300018310547,225.66000366210938,38677300
768,2024-08-26,225.48965454101562,227.17999267578125,227.27999877929688,223.88999938964844,226.75999450683594,30602200
769,2024-08-27,226.33334350585938,228.02999877929688,228.85000610351562,224.88999938964844,226.0,35934600
770,2024-08-28,224.8048095703125,226.49000549316406,229.86000061035156,225.67999267578125,227.9199981689453,38052200
771,2024-08-29,228.0802459716797,229.7899932861328,232.9199981689453,228.8800048828125,230.10000610351562,51906300
772,2024-08-30,227.29611206054688,229.0,230.39999389648438,227.47999572753906,230.19000244140625,52990800
773,2024-09-03,221.1124725341797,222.77000427246094,229.0,221.1699981689453,228.5500030517578,50190600
774,2024-09-04,219.20675659179688,220.85000610351562,221.77999877929688,217.47999572753906,221.66000366210938,43840200
775,2024-09-05,220.72537231445312,222.3800048828125,225.47999572753906,221.52000427246094,221.6300048828125,36615400
776,2024-09-06,219.17698669433594,220.82000732421875,225.24000549316406,219.77000427246094,223.9499969482422,48423000
777,2024-09-09,219.26632690429688,220.91000366210938,221.27000427246094,216.7100067138672,220.82000732421875,67180000
778,2024-09-10,218.4722900390625,220.11000061035156,221.47999572753906,216.72999572753906,218.9199981689453,51591000
779,2024-09-11,221.00331115722656,222.66000366210938,223.08999633789062,217.88999938964844,221.4600067138672,44587100
780,2024-09-12,221.1124725341797,222.77000427246094,223.5500030517578,219.82000732421875,222.5,37455600
781,2024-09-13,220.844482421875,222.5,224.0399932861328,221.91000366210938,223.5800018310547,36766600
782,2024-09-16,214.71044921875,216.32000732421875,217.22000122070312,213.9199981689453,216.5399932861328,59357400
783,2024-09-17,215.17697143554688,216.7899932861328,216.89999389648438,214.5,215.75,45519300
784,2024-09-18,219.04794311523438,220.69000244140625,222.7100067138672,217.5399932861328,217.5500030517578,59894900
785,2024-09-19,227.16708374023438,228.8699951171875,229.82000732421875,224.6300048828125,224.99000549316406,66781300
786,2024-09-20,226.5020751953125,228.1999969482422,233.08999633789062,227.6199951171875,229.97000122070312,318679900
787,2024-09-23,224.78494262695312,226.47000122070312,229.4499969482422,225.80999755859375,227.33999633789062,54146000
788,2024-09-24,225.67823791503906,227.3699951171875,229.35000610351562,225.72999572753906,228.64999389648438,43556100
789,2024-09-25,224.68565368652344,226.3699951171875,227.2899932861328,224.02000427246094,224.92999267578125,42308700
790,2024-09-26,225.82716369628906,227.52000427246094,228.5,225.41000366210938,227.3000030517578,36636700
791,2024-09-27,226.09512329101562,227.7899932861328,229.52000427246094,227.3000030517578,228.4600067138672,34026000
792,2024-09-30,231.266357421875,233.0,233.0,229.64999389648438,230.0399932861328,54541900
793,2024-10-01,224.52688598632812,226.2100067138672,229.64999389648438,223.74000549316406,229.52000427246094,63285000
794,2024-10-02,225.09263610839844,226.77999877929688,227.3699951171875,223.02000427246094,225.88999938964844,32880600
795,2024-10-03,223.9908905029297,225.6699981689453,226.80999755859375,223.32000732421875,225.13999938964844,34044200
796,2024-10-04,225.11248779296875,226.8000030517578,228.0,224.1300048828125,227.89999389648438,37245100
797,2024-10-07,220.04051208496094,221.69000244140625,225.69000244140625,221.3300018310547,224.5,39505400
798,2024-10-08,224.09014892578125,225.77000427246094,225.97999572753906,223.25,224.3000030517578,31855700
799,2024-10-09,227.8320770263672,229.5399932861328,229.75,224.8300018310547,225.22999572753906,33591100
800,2024-10-10,227.3358154296875,229.0399932861328,229.5,227.1699981689453,227.77999877929688,28183500
801,2024-10-11,225.8568878173828,227.5500030517578,229.41000366210938,227.33999633789062,229.3000030517578,31759200
802,2024-10-14,229.5790252685547,231.3000030517578,231.72999572753906,228.60000610351562,228.6999969482422,39882100
803,2024-10-15,232.1100311279297,233.85000610351562,237.49000549316406,232.3699951171875,233.61000061035156,64751400
804,2024-10-16,230.055419921875,231.77999877929688,232.1199951171875,229.83999633789062,231.60000610351562,34082200
805,2024-10-17,230.4226837158203,232.14999389648438,233.85000610351562,230.52000427246094,233.42999267578125,32993800
806,2024-10-18,233.25149536132812,235.0,236.17999267578125,234.00999450683594,236.17999267578125,46431500
807,2024-10-21,234.720458984375,236.47999572753906,236.85000610351562,234.4499969482422,234.4499969482422,36254500
808,2024-10-22,234.10507202148438,235.86000061035156,236.22000122070312,232.60000610351562,233.88999938964844,38846600
809,2024-10-23,229.04299926757812,230.75999450683594,235.13999938964844,227.75999450683594,234.0800018310547,52287000
810,2024-10-24,228.85443115234375,230.57000732421875,230.82000732421875,228.41000366210938,229.97999572753906,31109500
811,2024-10-25,229.68820190429688,231.41000366210938,233.22000122070312,229.57000732421875,229.74000549316406,38802300
812,2024-10-28,231.66339111328125,233.39999389648438,234.72999572753906,232.5500030517578,233.32000732421875,36087100
813,2024-10-29,231.931396484375,233.6699981689453,234.3300018310547,232.32000732421875,233.10000610351562,35417200
814,2024-10-30,228.38795471191406,230.10000610351562,233.47000122070312,229.5500030517578,232.61000061035156,47070900
815,2024-10-31,224.22909545898438,225.91000366210938,229.8300018310547,225.3699951171875,229.33999633789062,64370100
816,2024-11-01,221.25143432617188,222.91000366210938,225.35000610351562,220.27000427246094,220.97000122070312,65276700
817,2024-11-04,220.35813903808594,222.00999450683594,222.7899932861328,219.7100067138672,220.99000549316406,44944500
818,2024-11-05,221.7873992919922,223.4499969482422,223.9499969482422,221.13999938964844,221.8000030517578,28111300
819,2024-11-06,221.0628662109375,222.72000122070312,226.07000732421875,221.19000244140625,222.61000061035156,54561100
820,2024-11-07,225.7873992919922,227.47999572753906,227.8800048828125,224.57000732421875,224.6300048828125,42137700
821,2024-11-08,225.51914978027344,226.9600067138672,228.66000366210938,226.41000366210938,227.1699981689453,38328800
822,2024-11-11,222.80645751953125,224.22999572753906,225.6999969482422,221.5,225.0,42005600
823,2024-11-12,222.80645751953125,224.22999572753906,225.58999633789062,223.36000061035156,224.5500030517578,40398300
824,2024-11-13,223.69082641601562,225.1199951171875,226.64999389648438,222.75999450683594,224.00999450683594,48566200
825,2024-11-14,226.77114868164062,228.22000122070312,228.8699951171875,225.0,225.02000427246094,44923900
826,2024-11-15,223.57156372070312,225.0,226.9199981689453,224.27000427246094,226.39999389648438,47923700
827,2024-11-18,226.57241821289062,228.02000427246094,229.74000549316406,225.1699981689453,225.25,44633700
828,2024-11-19,226.83074951171875,228.27999877929688,230.16000366210938,226.66000366210938,226.97999572753906,36211800
829,2024-11-20,227.54620361328125,229.0,229.92999267578125,225.88999938964844,228.05999755859375,35169600
830,2024-11-21,227.0692596435547,228.52000427246094,230.16000366210938,225.7100067138672,228.8800048828125,42108300
831,2024-11-22,228.41065979003906,229.8699951171875,230.72000122070312,228.05999755859375,228.05999755859375,38168300
832,2024-11-25,231.39161682128906,232.8699951171875,233.25,229.74000549316406,231.4600067138672,90152800
833,2024-11-26,233.56773376464844,235.05999755859375,235.57000732421875,233.3300018310547,233.3300018310547,45986200
834,2024-11-27,233.43853759765625,234.92999267578125,235.69000244140625,233.80999755859375,234.47000122070312,33498400
835,2024-11-29,235.8233184814453,237.3300018310547,237.80999755859375,233.97000122070312,234.80999755859375,28481400
836,2024-12-02,238.06895446777344,239.58999633789062,240.7899932861328,237.16000366210938,237.27000427246094,48137100
837,2024-12-03,241.10952758789062,242.64999389648438,242.75999450683594,238.89999389648438,239.80999755859375,38861000
838,2024-12-04,241.4672393798828,243.00999450683594,244.11000061035156,241.25,242.8699951171875,44383900
839,2024-12-05,241.49705505371094,243.0399932861328,244.5399932861328,242.1300048828125,243.99000549316406,40033900
840,2024-12-06,241.29832458496094,242.83999633789062,244.6300048828125,242.0800018310547,242.91000366210938,36870600
841,2024-12-09,245.1835174560547,246.75,247.24000549316406,241.75,241.8300018310547,44649200
842,2024-12-10,246.19703674316406,247.77000427246094,248.2100067138672,245.33999633789062,246.88999938964844,36914800
843,2024-12-11,244.9251708984375,246.49000549316406,250.8000030517578,246.25999450683594,247.9600067138672,45205800
844,2024-12-12,246.38583374023438,247.9600067138672,248.74000549316406,245.67999267578125,246.88999938964844,32777500
845,2024-12-13,246.5547637939453,248.1300048828125,249.2899932861328,246.24000549316406,247.82000732421875,33155300
846,2024-12-16,249.44627380371094,251.0399932861328,251.3800048828125,247.64999389648438,247.99000549316406,51694800
847,2024-12-17,251.8707733154297,253.47999572753906,253.8300018310547,249.77999877929688,250.0800018310547,51356400
848,2024-12-18,246.47528076171875,248.0500030517578,254.27999877929688,247.74000549316406,252.16000366210938,56774100
849,2024-12-19,248.20420837402344,249.7899932861328,252.0,247.08999633789062,247.5,60882300
850,2024-12-20,252.8743896484375,254.49000549316406,255.0,245.69000244140625,248.0399932861328,147495300
851,2024-12-23,253.6494140625,255.27000427246094,255.64999389648438,253.4499969482422,254.77000427246094,40858800
852,2024-12-24,256.5608215332031,258.20001220703125,258.2099914550781,255.2899932861328,255.49000549316406,23234700
853,2024-12-26,257.3756103515625,259.0199890136719,260.1000061035156,257.6300048828125,258.19000244140625,27237100
854,2024-12-27,253.96739196777344,255.58999633789062,258.70001220703125,253.05999755859375,257.8299865722656,42355300
855,2024-12-30,250.59889221191406,252.1999969482422,253.5,250.75,252.22999572753906,35557500
856,2024-12-31,248.83023071289062,250.4199981689453,253.27999877929688,249.42999267578125,252.44000244140625,39480700
857,2025-01-02,242.3019256591797,243.85000610351562,249.10000610351562,241.82000732421875,248.92999267578125,55740700
858,2025-01-03,241.8150177001953,243.36000061035156,244.17999267578125,241.88999938964844,243.36000061035156,40244100
859,2025-01-06,243.44459533691406,245.0,247.3300018310547,243.1999969482422,244.30999755859375,45045600
860,2025-01-07,240.67234802246094,242.2100067138672,245.5500030517578,241.35000610351562,242.97999572753906,40856000
861,2025-01-08,241.1592254638672,242.6999969482422,243.7100067138672,240.0500030517578,241.9199981689453,37628900
862,2025-01-10,235.3463592529297,236.85000610351562,240.16000366210938,233.0,240.00999450683594,61710900
863,2025-01-13,232.91189575195312,234.39999389648438,234.6699981689453,229.72000122070312,233.52999877929688,49630700
864,2025-01-14,231.79901123046875,233.27999877929688,236.1199951171875,232.47000122070312,234.75,39435300
865,2025-01-15,236.35987854003906,237.8699951171875,238.9600067138672,234.42999267578125,234.63999938964844,39832000
866,2025-01-16,226.81088256835938,228.25999450683594,238.00999450683594,228.02999877929688,237.35000610351562,71759100
867,2025-01-17,228.5199737548828,229.97999572753906,232.2899932861328,228.47999572753906,232.1199951171875,68488300
868,2025-01-21,221.22657775878906,222.63999938964844,224.4199981689453,219.3800048828125,224.0,98070400
869,2025-01-22,222.4090118408203,223.8300018310547,224.1199951171875,219.7899932861328,219.7899932861328,64126500
870,2025-01-23,222.24008178710938,223.66000366210938,227.02999877929688,222.3000030517578,224.74000549316406,60234800
871,2025-01-24,221.36569213867188,222.77999877929688,225.6300048828125,221.41000366210938,224.77999877929688,54697900
872,2025-01-27,228.40072631835938,229.86000061035156,232.14999389648438,223.97999572753906,224.02000427246094,94863400
873,2025-01-28,236.74740600585938,238.25999450683594,240.19000244140625,230.80999755859375,230.85000610351562,75707600
874,2025-01-29,237.8404083251953,239.36000061035156,239.86000061035156,234.00999450683594,234.1199951171875,45486100
875,2025-01-30,236.0816650390625,237.58999633789062,240.7899932861328,237.2100067138672,238.6699981689453,55658300
876,2025-01-31,234.50173950195312,236.0,247.19000244140625,233.44000244140625,247.19000244140625,100959800
877,2025-02-03,226.56248474121094,228.00999450683594,231.8300018310547,225.6999969482422,229.99000549316406,73063300
878,2025-02-04,231.3220672607422,232.8000030517578,233.1300048828125,226.64999389648438,227.25,45067300
879,2025-02-05,230.9941864013672,232.47000122070312,232.6699981689453,228.27000427246094,228.52999877929688,39620300
880,2025-02-06,231.73941040039062,233.22000122070312,233.8000030517578,230.42999267578125,231.2899932861328,29925300
881,2025-02-07,226.1848907470703,227.6300048828125,234.0,227.25999450683594,232.60000610351562,39707200
882,2025-02-10,226.45346069335938,227.64999389648438,230.58999633789062,227.1999969482422,229.57000732421875,33115600
883,2025-02-11,231.3973388671875,232.6199951171875,235.22999572753906,228.1300048828125,228.1999969482422,53718400
884,2025-02-12,235.62501525878906,236.8699951171875,236.9600067138672,230.67999267578125,231.1999969482422,45243300
885,2025-02-13,240.26052856445312,241.52999877929688,242.33999633789062,235.57000732421875,236.91000366210938,53614100
886,2025-02-14,243.3143768310547,244.60000610351562,245.5500030517578,240.99000549316406,241.25,40896200
887,2025-02-18,243.18507385253906,244.47000122070312,245.17999267578125,241.83999633789062,244.14999389648438,48822500
888,2025-02-19,243.5829620361328,244.8699951171875,246.00999450683594,243.16000366210938,244.66000366210938,32204200
889,2025-02-20,244.5379180908203,245.8300018310547,246.77999877929688,244.2899932861328,244.94000244140625,32316900
890,2025-02-21,244.2593994140625,245.5500030517578,248.69000244140625,245.22000122070312,245.9499969482422,53197400
891,2025-02-24,245.80123901367188,247.10000610351562,248.86000061035156,244.4199981689453,244.92999267578125,51326400
892,2025-02-25,245.7415313720703,247.0399932861328,250.0,244.91000366210938,248.0,48013300
893,2025-02-26,239.0966796875,240.36000061035156,244.97999572753906,239.1300048828125,244.3300018310547,44433600
894,2025-02-27,236.05274963378906,237.3000030517578,242.4600067138672,237.05999755859375,239.41000366210938,41153600
895,2025-02-28,240.5688934326172,241.83999633789062,242.08999633789062,230.1999969482422,236.9499969482422,56833400
896,2025-03-03,236.77890014648438,238.02999877929688,244.02999877929688,236.11000061035156,241.7899932861328,47184000
897,2025-03-04,234.68994140625,235.92999267578125,240.07000732421875,234.67999267578125,237.7100067138672,53798100
898,2025-03-05,234.5009307861328,235.74000549316406,236.5500030517578,229.22999572753906,235.4199981689453,47227600
899,2025-03-06,234.09310913085938,235.3300018310547,237.86000061035156,233.16000366210938,234.44000244140625,45170400
900,2025-03-07,237.81344604492188,239.07000732421875,241.3699951171875,234.75999450683594,235.11000061035156,46273600
901,2025-03-10,226.28436279296875,227.47999572753906,236.16000366210938,224.22000122070312,235.5399932861328,72071200
902,2025-03-11,219.67926025390625,220.83999633789062,225.83999633789062,217.4499969482422,223.80999755859375,76137400
903,2025-03-12,215.8395538330078,216.97999572753906,221.75,214.91000366210938,220.13999938964844,62547500
904,2025-03-13,208.5779266357422,209.67999267578125,216.83999633789062,208.4199981689453,215.9499969482422,61368300
905,2025-03-14,212.36790466308594,213.49000549316406,213.9499969482422,209.5800018310547,211.25,60107600
906,2025-03-17,212.87522888183594,214.0,215.22000122070312,209.97000122070312,213.30999755859375,48073400
907,2025-03-18,211.57211303710938,212.69000244140625,215.14999389648438,211.49000549316406,214.16000366210938,42432400
908,2025-03-19,214.10870361328125,215.24000549316406,218.75999450683594,213.75,214.22000122070312,54385400
909,2025-03-20,212.97470092773438,214.10000610351562,217.49000549316406,212.22000122070312,213.99000549316406,48862900
910,2025-03-21,217.12277221679688,218.27000427246094,218.83999633789062,211.27999877929688,211.55999755859375,94127800
911,2025-03-24,219.56983947753906,220.72999572753906,221.47999572753906,218.5800018310547,221.0,44299500
912,2025-03-25,222.57398986816406,223.75,224.10000610351562,220.0800018310547,220.77000427246094,34493600
913,2025-03-26,220.3656463623047,221.52999877929688,225.02000427246094,220.47000122070312,223.50999450683594,34466100
914,2025-03-27,222.67344665527344,223.85000610351562,224.99000549316406,220.55999755859375,221.38999938964844,37094800
915,2025-03-28,216.7547149658203,217.89999389648438,223.80999755859375,217.67999267578125,221.6699981689453,39818600
916,2025-03-31,220.9624786376953,222.1300048828125,225.6199951171875,216.22999572753906,217.00999450683594,65299300
917,2025-04-01,222.0169219970703,223.19000244140625,223.67999267578125,218.89999389648438,219.80999755859375,36412700
918,2025-04-02,222.71324157714844,223.88999938964844,225.19000244140625,221.02000427246094,221.32000732421875,35905900
919,2025-04-03,202.12203979492188,203.19000244140625,207.49000549316406,201.25,205.5399932861328,103419000
920,2025-04-04,187.389892578125,188.3800048828125,199.8800048828125,187.33999633789062,193.88999938964844,125910900
921,2025-04-07,180.50625610351562,181.4600067138672,194.14999389648438,174.6199951171875,177.1999969482422,160466300
922,2025-04-08,171.51376342773438,172.4199981689453,190.33999633789062,169.2100067138672,186.6999969482422,120859500
923,2025-04-09,197.8048553466797,198.85000610351562,200.61000061035156,171.88999938964844,171.9499969482422,184395900
924,2025-04-10,189.41915893554688,190.4199981689453,194.77999877929688,183.0,189.07000732421875,121880000
925,2025-04-11,197.1085205078125,198.14999389648438,199.5399932861328,186.05999755859375,186.10000610351562,87435900
926,2025-04-14,201.45555114746094,202.52000427246094,212.94000244140625,201.16000366210938,211.44000244140625,101352900
927,2025-04-15,201.07754516601562,202.13999938964844,203.50999450683594,199.8000030517578,201.86000061035156,51343900
928,2025-04-16,193.24893188476562,194.27000427246094,200.6999969482422,192.3699951171875,198.36000061035156,59732400
929,2025-04-17,195.9446563720703,196.97999572753906,198.8300018310547,194.4199981689453,197.1999969482422,52164700
930,2025-04-21,192.14476013183594,193.16000366210938,193.8000030517578,189.80999755859375,193.27000427246094,46742500
931,2025-04-22,198.69017028808594,199.74000549316406,201.58999633789062,195.97000122070312,196.1199951171875,52976400
932,2025-04-23,203.5246124267578,204.60000610351562,208.0,202.8000030517578,206.0,52929200
933,2025-04-24,207.27479553222656,208.3699951171875,208.8300018310547,202.94000244140625,204.88999938964844,47311000
934,2025-04-25,208.1800079345703,209.27999877929688,209.75,206.1999969482422,206.3699951171875,38222300
935,2025-04-28,209.0355224609375,210.13999938964844,211.5,207.4600067138672,210.0,38743100
936,2025-04-29,210.09988403320312,211.2100067138672,212.24000549316406,208.3699951171875,208.69000244140625,36827600
937,2025-04-30,211.3831024169922,212.5,213.5800018310547,206.6699981689453,209.3000030517578,52286500
938,2025-05-01,212.1988067626953,213.32000732421875,214.55999755859375,208.89999389648438,209.0800018310547,57365700
939,2025-05-02,204.27069091796875,205.35000610351562,206.99000549316406,202.16000366210938,206.08999633789062,101010600
940,2025-05-05,197.84463500976562,198.88999938964844,204.10000610351562,198.2100067138672,203.10000610351562,69018500
941,2025-05-06,197.4666290283203,198.50999450683594,200.64999389648438,197.02000427246094,198.2100067138672,51216500
942,2025-05-07,195.218505859375,196.25,199.44000244140625,193.25,199.1699981689453,68536700
943,2025-05-08,196.45199584960938,197.49000549316406,200.0500030517578,194.67999267578125,197.72000122070312,50478900
944,2025-05-09,197.48651123046875,198.52999877929688,200.5399932861328,197.5399932861328,199.0,36453900
945,2025-05-12,209.95704650878906,210.7899932861328,211.27000427246094,206.75,210.97000122070312,63775800
946,2025-05-13,212.08859252929688,212.92999267578125,213.39999389648438,209.0,210.42999267578125,51909300
947,2025-05-14,211.490966796875,212.3300018310547,213.94000244140625,210.5800018310547,212.42999267578125,49325800
948,2025-05-15,210.6144256591797,211.4499969482422,212.9600067138672,209.5399932861328,210.9499969482422,45029500
949,2025-05-16,210.42518615722656,211.25999450683594,212.57000732421875,209.77000427246094,212.36000061035156,54737900
950,2025-05-19,207.9550018310547,208.77999877929688,209.47999572753906,204.25999450683594,207.91000366210938,46140500
951,2025-05-20,206.04258728027344,206.86000061035156,208.47000122070312,205.02999877929688,207.6699981689453,42496600
952,2025-05-21,201.29141235351562,202.08999633789062,207.0399932861328,200.7100067138672,205.1699981689453,59211800
953,2025-05-22,200.5643310546875,201.36000061035156,202.75,199.6999969482422,200.7100067138672,46742400
954,2025-05-23,194.49839782714844,195.27000427246094,197.6999969482422,193.4600067138672,193.6699981689453,78432900
955,2025-05-27,199.4188690185547,200.2100067138672,200.74000549316406,197.42999267578125,198.3000030517578,56288500
956,2025-05-28,199.62802124023438,200.4199981689453,202.72999572753906,199.89999389648438,200.58999633789062,45339700
957,2025-05-29,199.15988159179688,199.9499969482422,203.80999755859375,198.50999450683594,203.5800018310547,51396800
958,2025-05-30,200.05633544921875,200.85000610351562,201.9600067138672,196.77999877929688,199.3699951171875,70819900
959,2025-06-02,200.90296936035156,201.6999969482422,202.1300048828125,200.1199951171875,200.27999877929688,35423300
960,2025-06-03,202.46678161621094,203.27000427246094,203.77000427246094,200.9600067138672,201.35000610351562,46381600
961,2025-06-04,202.01853942871094,202.82000732421875,206.24000549316406,202.10000610351562,202.91000366210938,43604000
962,2025-06-05,199.8372039794922,200.6300048828125,204.75,200.14999389648438,203.5,55126100
963,2025-06-06,203.11419677734375,203.9199981689453,205.6999969482422,202.0500030517578,203.0,46607700
964,2025-06-09,200.65396118164062,201.4499969482422,206.0,200.02000427246094,204.38999938964844,72862600
965,2025-06-10,201.86915588378906,202.6699981689453,204.35000610351562,200.57000732421875,200.60000610351562,54672600
966,2025-06-11,197.99452209472656,198.77999877929688,204.5,198.41000366210938,203.5,60989900
967,2025-06-12,198.41285705566406,199.1999969482422,199.67999267578125,197.36000061035156,199.0800018310547,43904600
968,2025-06-13,195.6737060546875,196.4499969482422,200.3699951171875,195.6999969482422,199.72999572753906,51447300
969,2025-06-16,197.6359405517578,198.4199981689453,198.69000244140625,196.55999755859375,197.3000030517578,43020700
970,2025-06-17,194.86691284179688,195.63999938964844,198.38999938964844,195.2100067138672,197.1999969482422,38856200
971,2025-06-18,195.80320739746094,196.5800018310547,197.57000732421875,195.07000732421875,195.94000244140625,45394700
972,2025-06-20,200.2057342529297,201.0,201.6999969482422,196.86000061035156,198.24000549316406,96813500
973,2025-06-23,200.70376586914062,201.5,202.3000030517578,198.9600067138672,201.6300048828125,55814300
974,2025-06-24,199.5084991455078,200.3000030517578,203.44000244140625,200.1999969482422,202.58999633789062,54064000
975,2025-06-25,200.76351928710938,201.55999755859375,203.6699981689453,200.6199951171875,201.4499969482422,39525700
976,2025-06-26,200.2057342529297,201.0,202.63999938964844,199.4600067138672,201.42999267578125,50799100
977,2025-06-27,200.28541564941406,201.0800018310547,203.22000122070312,200.0,201.88999938964844,73188600
978,2025-06-30,204.3592529296875,205.1699981689453,207.38999938964844,199.25999450683594,202.00999450683594,91912800
979,2025-07-01,206.99879455566406,207.82000732421875,210.19000244140625,206.13999938964844,206.6699981689453,78788900
980,2025-07-02,211.60055541992188,212.44000244140625,213.33999633789062,208.13999938964844,208.91000366210938,67941800
981,2025-07-03,212.70614624023438,213.5500030517578,214.64999389648438,211.80999755859375,212.14999389648438,34955800
982,2025-07-07,209.120361328125,209.9499969482422,216.22999572753906,208.8000030517578,212.67999267578125,50229000
983,2025-07-08,209.18014526367188,210.00999450683594,211.42999267578125,208.4499969482422,210.10000610351562,42848900
984,2025-07-09,210.3056640625,211.13999938964844,211.3300018310547,207.22000122070312,209.52999877929688,48749400
985,2025-07-10,211.5706787109375,212.41000366210938,213.47999572753906,210.02999877929688,210.50999450683594,44443600
986,2025-07-11,210.3256072998047,211.16000366210938,212.1300048828125,209.86000061035156,210.57000732421875,39765800
987,2025-07-14,207.79563903808594,208.6199951171875,210.91000366210938,207.5399932861328,209.92999267578125,38840100
988,2025-07-15,208.28369140625,209.11000061035156,211.88999938964844,208.9199981689453,209.22000122070312,42296300
989,2025-07-16,209.3295440673828,210.16000366210938,212.39999389648438,208.63999938964844,210.3000030517578,47490500
990,2025-07-17,209.1901092529297,210.02000427246094,211.8000030517578,209.58999633789062,210.57000732421875,48068100
991,2025-07-18,210.34552001953125,211.17999267578125,211.7899932861328,209.6999969482422,210.8699951171875,48974600
992,2025-07-21,211.64036560058594,212.47999572753906,215.77999877929688,211.6300048828125,212.10000610351562,51377400
993,2025-07-22,213.5528106689453,214.39999389648438,214.9499969482422,212.22999572753906,213.13999938964844,46404100
994,2025-07-23,213.30377197265625,214.14999389648438,215.14999389648438,212.41000366210938,215.0,46989300
995,2025-07-24,212.91531372070312,213.75999450683594,215.69000244140625,213.52999877929688,213.89999389648438,46022600
996,2025-07-25,213.03485107421875,213.8800048828125,215.24000549316406,213.39999389648438,214.6999969482422,40268800
997,2025-07-28,213.2041778564453,214.0500030517578,214.85000610351562,213.05999755859375,214.02999877929688,37858000
998,2025-07-29,210.43515014648438,211.27000427246094,214.80999755859375,210.82000732421875,214.17999267578125,51411700
999,2025-07-30,208.2239227294922,209.0500030517578,212.38999938964844,207.72000122070312,211.89999389648438,45512500
1000,2025-07-31,206.74978637695312,207.57000732421875,209.83999633789062,207.16000366210938,208.49000549316406,80698400
1001,2025-08-01,201.58029174804688,202.3800048828125,213.5800018310547,201.5,210.8699951171875,104434500
1002,2025-08-04,202.54647827148438,203.35000610351562,207.8800048828125,201.67999267578125,204.50999450683594,75109300
1003,2025-08-05,202.11814880371094,202.9199981689453,205.33999633789062,202.16000366210938,203.39999389648438,44155100
1004,2025-08-06,212.40733337402344,213.25,215.3800048828125,205.58999633789062,205.6300048828125,108483100
1005,2025-08-07,219.16053771972656,220.02999877929688,220.85000610351562,216.5800018310547,218.8800048828125,90224800
1006,2025-08-08,228.4437255859375,229.35000610351562,231.0,219.25,220.8300018310547,113854000
1007,2025-08-11,226.53909301757812,227.17999267578125,229.55999755859375,224.75999450683594,227.9199981689453,61806100
1008,2025-08-12,229.00210571289062,229.64999389648438,230.8000030517578,227.07000732421875,228.00999450683594,55626200
1009,2025-08-13,232.6717529296875,233.3300018310547,235.0,230.42999267578125,231.07000732421875,69878500
1010,2025-08-14,232.12330627441406,232.77999877929688,235.1199951171875,230.85000610351562,234.05999755859375,51916300
1011,2025-08-15,230.93666076660156,231.58999633789062,234.27999877929688,229.33999633789062,234.0,56038700
1012,2025-08-18,230.23863220214844,230.88999938964844,233.1199951171875,230.11000061035156,231.6999969482422,37476200
1013,2025-08-19,229.90957641601562,230.55999755859375,232.8699951171875,229.35000610351562,231.27999877929688,39402600
1014,2025-08-20,225.3723907470703,226.00999450683594,230.47000122070312,225.77000427246094,229.97999572753906,42263900
1015,2025-08-21,224.26551818847656,224.89999389648438,226.52000427246094,223.77999877929688,226.27000427246094,30621200
1016,2025-08-22,227.11744689941406,227.75999450683594,229.08999633789062,225.41000366210938,226.1699981689453,42477800
1017,2025-08-25,226.5191650390625,227.16000366210938,229.3000030517578,226.22999572753906,226.47999572753906,30983100
1018,2025-08-26,228.6630859375,229.30999755859375,229.49000549316406,224.69000244140625,226.8699951171875,54575100
1019,2025-08-27,229.8397674560547,230.49000549316406,230.89999389648438,228.25999450683594,228.61000061035156,31259500
1020,2025-08-28,231.90391540527344,232.55999755859375,233.41000366210938,229.33999633789062,230.82000732421875,38074700
1021,2025-08-29,231.485107421875,232.13999938964844,233.3800048828125,231.3699951171875,232.50999450683594,39418400
1022,2025-09-02,229.07192993164062,229.72000122070312,230.85000610351562,226.97000122070312,229.25,44075600
1023,2025-09-03,237.79725646972656,238.47000122070312,238.85000610351562,234.36000061035156,237.2100067138672,66427800
1024,2025-09-04,239.1035614013672,239.77999877929688,239.89999389648438,236.74000549316406,238.4499969482422,47549400
1025,2025-09-05,239.0137939453125,239.69000244140625,241.32000732421875,238.49000549316406,240.0,54870400
1026,2025-09-08,237.2089080810547,237.8800048828125,240.14999389648438,236.33999633789062,239.3000030517578,48999500
1027,2025-09-09,233.68887329101562,234.35000610351562,238.77999877929688,233.36000061035156,237.0,66313900
1028,2025-09-10,226.15020751953125,226.7899932861328,232.4199981689453,225.9499969482422,232.19000244140625,83440800
1029,2025-09-11,229.3810577392578,230.02999877929688,230.4499969482422,226.64999389648438,226.8800048828125,50208600
1030,2025-09-12,233.40966796875,234.07000732421875,234.50999450683594,229.02000427246094,229.22000122070312,55824200
1031,2025-09-15,236.03224182128906,236.6999969482422,238.19000244140625,235.02999877929688,237.0,42699500
1032,2025-09-16,237.4781494140625,238.14999389648438,241.22000122070312,236.32000732421875,237.17999267578125,63421100
1033,2025-09-17,238.3157958984375,238.99000549316406,240.10000610351562,237.72999572753906,238.97000122070312,46508000
1034,2025-09-18,237.2089080810547,237.8800048828125,241.1999969482422,236.64999389648438,239.97000122070312,44249600
1035,2025-09-19,244.80740356445312,245.5,246.3000030517578,240.2100067138672,241.22999572753906,163741300
1036,2025-09-22,255.35755920410156,256.0799865722656,256.6400146484375,248.1199951171875,248.3000030517578,105517400
1037,2025-09-23,253.71221923828125,254.42999267578125,257.3399963378906,253.5800018310547,255.8800048828125,60275200
1038,2025-09-24,251.59820556640625,252.30999755859375,255.74000549316406,251.0399932861328,255.22000122070312,42303700
1039,2025-09-25,256.1453552246094,256.8699951171875,257.1700134277344,251.7100067138672,253.2100067138672,55202100
1040,2025-09-26,254.73931884765625,255.4600067138672,257.6000061035156,253.77999877929688,254.10000610351562,46076300
1041,2025-09-29,253.71221923828125,254.42999267578125,255.0,253.00999450683594,254.55999755859375,40127700
1042,2025-09-30,253.9116668701172,254.6300048828125,255.9199981689453,253.11000061035156,254.86000061035156,37704300
1043,2025-10-01,254.72935485839844,255.4499969482422,258.7900085449219,254.92999267578125,255.0399932861328,48713900
1044,2025-10-02,256.40460205078125,257.1300048828125,258.17999267578125,254.14999389648438,256.5799865722656,42630200
1045,2025-10-03,257.2920837402344,258.0199890136719,259.239990234375,253.9499969482422,254.6699981689453,49155600
1046,2025-10-06,255.96585083007812,256.69000244140625,259.07000732421875,255.0500030517578,257.989990234375,44664100
1047,2025-10-07,255.75643920898438,256.4800109863281,257.3999938964844,255.42999267578125,256.80999755859375,31955800
1048,2025-10-08,257.3320007324219,258.05999755859375,258.5199890136719,256.1099853515625,256.5199890136719,36496900
1049,2025-10-09,253.3233184814453,254.0399932861328,258.0,253.13999938964844,257.80999755859375,38322000
1050,2025-10-10,244.57806396484375,245.27000427246094,256.3800048828125,244.0,254.94000244140625,61999100
1051,2025-10-13,246.96131896972656,247.66000366210938,249.69000244140625,245.55999755859375,249.3800048828125,38142900
1052,2025-10-14,247.07101440429688,247.77000427246094,248.85000610351562,244.6999969482422,246.60000610351562,35478000
1053,2025-10-15,248.63658142089844,249.33999633789062,251.82000732421875,247.47000122070312,249.49000549316406,33893600
1054,2025-10-16,246.75192260742188,247.4499969482422,249.0399932861328,245.1300048828125,248.25,39777000
1055,2025-10-17,251.5782470703125,252.2899932861328,253.3800048828125,247.27000427246094,248.02000427246094,49147000
1056,2025-10-20,261.50018310546875,262.239990234375,264.3800048828125,255.6300048828125,255.88999938964844,90483000
1057,2025-10-21,262.0287170410156,262.7699890136719,265.2900085449219,261.8299865722656,261.8800048828125,46695900
1058,2025-10-22,257.72088623046875,258.45001220703125,262.8500061035156,255.42999267578125,262.6499938964844,45015300
1059,2025-10-23,258.8476867675781,259.5799865722656,260.6199951171875,258.010009765625,259.94000244140625,32754900
1060,2025-10-24,262.07855224609375,262.82000732421875,264.1300048828125,259.17999267578125,261.19000244140625,38253700
1061,2025-10-27,268.0516662597656,268.80999755859375,269.1199951171875,264.6499938964844,264.8800048828125,44888200
1062,2025-10-28,268.2411193847656,269.0,269.8900146484375,268.1499938964844,268.989990234375,41534800
1063,2025-10-29,268.93914794921875,269.70001220703125,271.4100036621094,267.1099853515625,269.2799987792969,51086700
1064,2025-10-30,270.63433837890625,271.3999938964844,274.1400146484375,268.4800109863281,271.989990234375,69886500
1065,2025-10-31,269.6072692871094,270.3699951171875,277.32000732421875,269.1600036621094,276.989990234375,86167100
1066,2025-11-03,268.29095458984375,269.04998779296875,270.8500061035156,266.25,270.4200134277344,50194600
1067,2025-11-04,269.2781982421875,270.0400085449219,271.489990234375,267.6199951171875,268.3299865722656,49274800
1068,2025-11-05,269.3779296875,270.1400146484375,271.70001220703125,266.92999267578125,268.6099853515625,43683100
1069,2025-11-06,269.0089416503906,269.7699890136719,273.3999938964844,267.8900146484375,267.8900146484375,51204000
1070,2025-11-07,267.7126159667969,268.4700012207031,272.2900085449219,266.7699890136719,269.79998779296875,48227400
1071,2025-11-10,268.93035888671875,269.42999267578125,273.7300109863281,267.4599914550781,268.9599914550781,41312400
1072,2025-11-11,274.73956298828125,275.25,275.9100036621094,269.79998779296875,269.80999755859375,46208300
1073,2025-11-12,272.9628601074219,273.4700012207031,275.7300109863281,271.70001220703125,275.0,48398000
1074,2025-11-13,272.44384765625,272.95001220703125,276.70001220703125,272.0899963378906,274.1099853515625,49602800
1075,2025-11-14,271.9048156738281,272.4100036621094,275.9599914550781,269.6000061035156,271.04998779296875,47431300
1076,2025-11-17,266.9639892578125,267.4599914550781,270.489990234375,265.7300109863281,268.82000732421875,45018300
1077,2025-11-18,266.9440612792969,267.44000244140625,270.7099914550781,265.32000732421875,269.989990234375,45677300
1078,2025-11-19,268.06195068359375,268.55999755859375,272.2099914550781,265.5,265.5299987792969,40424500
1079,2025-11-20,265.7562561035156,266.25,275.42999267578125,265.9200134277344,270.8299865722656,45823600
1080,2025-11-21,270.98651123046875,271.489990234375,273.3299865722656,265.6700134277344,265.95001220703125,59030800
1081,2025-11-24,275.4083251953125,275.9200134277344,277.0,270.8999938964844,270.8999938964844,65585800
1082,2025-11-25,276.4563903808594,276.9700012207031,280.3800048828125,275.25,275.2699890136719,46914200
1083,2025-11-26,277.0352783203125,277.54998779296875,279.5299987792969,276.6300048828125,276.9599914550781,33431400
1084,2025-11-28,278.3328857421875,278.8500061035156,279.0,275.989990234375,277.260009765625,20135600
1085,2025-12-01,282.57501220703125,283.1000061035156,283.4200134277344,276.1400146484375,278.010009765625,46587700
1086,2025-12-02,285.6592712402344,286.19000244140625,287.3999938964844,282.6300048828125,283.0,53669500
1087,2025-12-03,283.623046875,284.1499938964844,288.6199951171875,283.29998779296875,286.20001220703125,43538700
1088,2025-12-04,280.179443359375,280.70001220703125,284.7300109863281,278.5899963378906,284.1000061035156,43989100
1089,2025-12-05,278.26300048828125,278.7799987792969,281.1400146484375,278.04998779296875,280.5400085449219,47265800
1090,2025-12-08,277.3746643066406,277.8900146484375,279.6700134277344,276.1499938964844,278.1300048828125,38211800
1091,2025-12-09,276.66595458984375,277.17999267578125,280.0299987792969,276.9200134277344,278.1600036621094,32193300
1092,2025-12-10,278.26300048828125,278.7799987792969,279.75,276.44000244140625,277.75,33038300
1093,2025-12-11,277.514404296875,278.0299987792969,279.5899963378906,273.80999755859375,279.1000061035156,33248000
1094,2025-12-12,277.7639465332031,278.2799987792969,279.2200012207031,276.82000732421875,277.8999938964844,39532900
1095,2025-12-15,273.6016540527344,274.1099853515625,280.1499938964844,272.8399963378906,280.1499938964844,50409100
1096,2025-12-16,274.1007385253906,274.6099853515625,275.5,271.7900085449219,272.82000732421875,37648600
1097,2025-12-17,271.33587646484375,271.8399963378906,276.1600036621094,271.6400146484375,275.010009765625,50138700
1098,2025-12-18,271.68524169921875,272.19000244140625,273.6300048828125,266.95001220703125,273.6099853515625,51630700
1099,2025-12-19,273.1625061035156,273.6700134277344,274.6000061035156,269.8999938964844,272.1499938964844,144632000
1100,2025-12-22,270.4674987792969,270.9700012207031,273.8800048828125,270.510009765625,272.8599853515625,36571800
1101,2025-12-23,271.85491943359375,272.3599853515625,272.5,269.55999755859375,270.8399963378906,29642000
1102,2025-12-24,273.3022155761719,273.80999755859375,275.42999267578125,272.20001220703125,272.3399963378906,17910600
1103,2025-12-26,272.8929748535156,273.3999938964844,275.3699951171875,272.8599853515625,274.1600036621094,21521800
1104,2025-12-29,273.2523498535156,273.760009765625,274.3599853515625,272.3500061035156,272.69000244140625,23715200
1105,2025-12-30,272.5735778808594,273.0799865722656,274.0799865722656,272.2799987792969,272.80999755859375,22139600
1106,2025-12-31,271.3558349609375,271.8599853515625,273.67999267578125,271.75,273.05999755859375,27293600
1107,2026-01-02,270.5074157714844,271.010009765625,277.8399963378906,269.0,272.260009765625,37838100
1108,2026-01-05,266.7643737792969,267.260009765625,271.510009765625,266.1400146484375,270.6400146484375,45647200
1109,2026-01-06,261.8734436035156,262.3599853515625,267.54998779296875,262.1199951171875,267.0,52352100
1110,2026-01-07,259.8471984863281,260.3299865722656,263.67999267578125,259.80999755859375,263.20001220703125,48309800
1111,2026-01-08,258.55963134765625,259.0400085449219,259.2900085449219,255.6999969482422,257.0199890136719,50419300
1112,2026-01-09,258.8890075683594,259.3699951171875,260.2099914550781,256.2200012207031,259.0799865722656,39997000
1113,2026-01-12,259.76739501953125,260.25,261.29998779296875,256.79998779296875,259.1600036621094,45263800
1114,2026-01-13,260.5658874511719,261.04998779296875,261.80999755859375,258.3900146484375,258.7200012207031,45730800
1115,2026-01-14,259.4779052734375,259.9599914550781,261.82000732421875,256.7099914550781,259.489990234375,40019400
1116,2026-01-15,257.73114013671875,258.2099914550781,261.0400085449219,257.04998779296875,260.6499938964844,39388600
1117,2026-01-16,255.05613708496094,255.52999877929688,258.8999938964844,254.92999267578125,257.8999938964844,72142800
1118,2026-01-20,246.2425079345703,246.6999969482422,254.7899932861328,243.4199981689453,252.72999572753906,80267500
1119,2026-01-21,247.1907501220703,247.64999389648438,251.55999755859375,245.17999267578125,248.6999969482422,54641700
1120,2026-01-22,247.8894500732422,248.35000610351562,251.0,248.14999389648438,249.1999969482422,39708300
1121,2026-01-23,247.58001708984375,248.0399932861328,249.41000366210938,244.67999267578125,247.32000732421875,41689000
1122,2026-01-26,254.9363555908203,255.41000366210938,256.55999755859375,249.8000030517578,251.47999572753906,55969200
1123,2026-01-27,257.791015625,258.2699890136719,261.95001220703125,258.2099914550781,259.1700134277344,49648300
1124,2026-01-28,255.96446228027344,256.44000244140625,258.8599853515625,254.50999450683594,257.6499938964844,41288000
1125,2026-01-29,257.801025390625,258.2799987792969,259.6499938964844,254.41000366210938,258.0,67253000
1126,2026-01-30,258.9988098144531,259.4800109863281,261.8999938964844,252.17999267578125,255.1699981689453,92443400
1127,2026-02-02,269.5093078613281,270.010009765625,270.489990234375,259.2099914550781,260.0299987792969,73913400
1128,2026-02-03,268.98028564453125,269.4800109863281,271.8800048828125,267.6099853515625,269.20001220703125,64394700
1129,2026-02-04,275.97723388671875,276.489990234375,278.95001220703125,272.2900085449219,272.2900085449219,90545700
1130,2026-02-05,275.3983459472656,275.9100036621094,279.5,273.2300109863281,278.1300048828125,52977400
1131,2026-02-06,277.6042175292969,278.1199951171875,280.9100036621094,276.92999267578125,277.1199951171875,50453400
1132,2026-02-09,274.3672180175781,274.6199951171875,278.20001220703125,271.70001220703125,277.9100036621094,44623400
1133,2026-02-10,273.4280700683594,273.67999267578125,275.3699951171875,272.94000244140625,274.8900146484375,34376900
1134,2026-02-11,275.24639892578125,275.5,280.17999267578125,274.45001220703125,274.70001220703125,51931300
1135,2026-02-12,261.4891052246094,261.7300109863281,275.7200012207031,260.17999267578125,275.5899963378906,81077200
1136,2026-02-13,255.5445556640625,255.77999877929688,262.2300109863281,255.4499969482422,262.010009765625,56290700
1137,2026-02-17,263.6371154785156,263.8800048828125,266.2900085449219,255.5399932861328,258.04998779296875,58469100
1138,2026-02-18,264.106689453125,264.3500061035156,266.82000732421875,262.45001220703125,263.6000061035156,34203300
1139,2026-02-19,260.3401184082031,260.5799865722656,264.4800109863281,260.04998779296875,262.6000061035156,30845300
1140,2026-02-20,264.3364562988281,264.5799865722656,264.75,258.1600036621094,258.9700012207031,42070500
1141,2026-02-23,265.9349670410156,266.17999267578125,269.42999267578125,263.3800048828125,263.489990234375,37308200
1142,2026-02-24,271.8895263671875,272.1400146484375,274.8900146484375,267.7099914550781,267.8599853515625,47014600
1143,2026-02-25,273.97760009765625,274.2300109863281,274.94000244140625,271.04998779296875,271.7799987792969,33714300
1144,2026-02-26,272.6987609863281,272.95001220703125,276.1099853515625,270.79998779296875,274.95001220703125,32345100
1145,2026-02-27,263.93682861328125,264.17999267578125,272.80999755859375,262.8900146484375,272.80999755859375,72366500
1146,2026-03-02,264.476318359375,264.7200012207031,266.5299987792969,260.20001220703125,262.4100036621094,41827900
1147,2026-03-03,263.5072326660156,263.75,265.55999755859375,260.1300048828125,263.4800109863281,38568900
1148,2026-03-04,262.2783508300781,262.5199890136719,266.1499938964844,261.4200134277344,264.6499938964844,39803100
1149,2026-03-05,260.0504150390625,260.2900085449219,261.55999755859375,257.25,260.7900085449219,49658600
1150,2026-03-06,257.2229919433594,257.4599914550781,258.7699890136719,254.3699951171875,258.6300048828125,41120000
1151,2026-03-09,259.6407775878906,259.8800048828125,261.1499938964844,253.67999267578125,255.69000244140625,38218500
1152,2026-03-10,260.58990478515625,260.8299865722656,262.4800109863281,256.95001220703125,257.6499938964844,30590800
1153,2026-03-11,260.5699157714844,260.80999755859375,262.1300048828125,259.54998779296875,261.0899963378906,26218900
1154,2026-03-12,255.52456665039062,255.75999450683594,258.95001220703125,254.17999267578125,258.6600036621094,40794000
1155,2026-03-13,249.8897705078125,250.1199951171875,256.3299865722656,249.52000427246094,255.47999572753906,36930000
1156,2026-03-16,252.58729553222656,252.82000732421875,253.88999938964844,249.8800048828125,252.11000061035156,32074200
1157,2026-03-17,253.99598693847656,254.22999572753906,255.1300048828125,252.17999267578125,252.9600067138672,32361600
1158,2026-03-18,249.70994567871094,249.94000244140625,254.94000244140625,249.0,252.6300048828125,35757900
1159,2026-03-19,248.73085021972656,248.9600067138672,251.8300018310547,247.3000030517578,249.39999389648438,34864100
1160,2026-03-20,247.76173400878906,247.99000549316406,249.1999969482422,246.0,247.97999572753906,88331100
1161,2026-03-23,251.25851440429688,251.49000549316406,254.60000610351562,250.27999877929688,253.97000122070312,40546100
1162,2026-03-24,251.4083709716797,251.63999938964844,254.8300018310547,249.5500030517578,250.35000610351562,45152300
1163,2026-03-25,252.38746643066406,252.6199951171875,255.0,251.60000610351562,254.10000610351562,28476700
1164,2026-03-26,252.6572265625,252.88999938964844,257.0,250.77000427246094,252.1199951171875,41796700
1165,2026-03-27,248.57098388671875,248.8000030517578,255.49000549316406,248.07000732421875,253.89999389648438,47900000
1166,2026-03-30,246.40298461914062,246.6300048828125,250.8699951171875,245.50999450683594,250.07000732421875,39446200
1167,2026-03-31,253.55638122558594,253.7899932861328,255.47999572753906,247.10000610351562,247.91000366210938,49598100
1168,2026-04-01,255.3946990966797,255.6300048828125,256.17999267578125,253.3300018310547,254.0800018310547,40059400
1169,2026-04-02,255.68443298339844,255.9199981689453,256.1300048828125,250.64999389648438,254.1999969482422,31289400
1170,2026-04-06,258.6217041015625,258.8599853515625,262.1600036621094,256.4599914550781,256.510009765625,29329900
1171,2026-04-07,253.26666259765625,253.5,256.20001220703125,245.6999969482422,256.1600036621094,62148000
1172,2026-04-08,258.66168212890625,258.8999938964844,259.75,256.5299987792969,258.45001220703125,41032800
1173,2026-04-09,260.2502136230469,260.489990234375,261.1199951171875,256.07000732421875,259.0,28121600
1174,2026-04-10,260.240234375,260.4800109863281,262.19000244140625,259.0199890136719,259.9800109863281,31291500
1175,2026-04-13,258.96142578125,259.20001220703125,260.17999267578125,256.6600036621094,259.7300109863281,36234700
1176,2026-04-14,258.59173583984375,258.8299865722656,261.92999267578125,257.19000244140625,259.25,48370700
1177,2026-04-15,266.18475341796875,266.42999267578125,266.55999755859375,257.80999755859375,258.1600036621094,49913500
1178,2026-04-16,263.15753173828125,263.3999938964844,267.1600036621094,261.2699890136719,266.79998779296875,43323100
1179,2026-04-17,269.98126220703125,270.2300109863281,272.29998779296875,266.7200012207031,266.9599914550781,61436200
1180,2026-04-20,272.79864501953125,273.04998779296875,274.2799987792969,270.2900085449219,270.3299865722656,36590200
1181,2026-04-21,265.9250183105469,266.1700134277344,272.79998779296875,265.3999938964844,271.5,50209800
1182,2026-04-22,272.9185791015625,273.1700134277344,273.739990234375,266.8699951171875,267.82000732421875,43249200
1183,2026-04-23,273.1783142089844,273.42999267578125,275.7699890136719,271.6499938964844,275.04998779296875,33399600
1184,2026-04-24,270.81048583984375,271.05999755859375,273.05999755859375,269.6499938964844,272.760009765625,38157100
1185,2026-04-27,267.3636474609375,267.6099853515625,268.3599853515625,265.07000732421875,266.0899963378906,41466800
1186,2026-04-28,270.4608154296875,270.7099914550781,273.2300109863281,268.6600036621094,272.3399963378906,40018900
1187,2026-04-29,269.92132568359375,270.1700134277344,271.0400085449219,267.0400085449219,267.54998779296875,30047900
1188,2026-04-30,271.1002502441406,271.3500061035156,276.0,268.1400146484375,270.5,91848200
1189,2026-05-01,279.88214111328125,280.1400146484375,287.2200012207031,278.3699951171875,278.8599853515625,79915400
1190,2026-05-04,276.5751647949219,276.8299865722656,280.6300048828125,274.8599853515625,279.6600036621094,46668400
1191,2026-05-05,283.9184265136719,284.17999267578125,284.57000732421875,276.5,276.92999267578125,49311700
1192,2026-05-06,287.245361328125,287.510009765625,288.0299987792969,281.07000732421875,281.9200134277344,58336100
1193,2026-05-07,287.1754150390625,287.44000244140625,292.1300048828125,285.7799987792969,289.2699890136719,45224300
1194,2026-05-08,293.0500183105469,293.32000732421875,294.760009765625,290.0,290.010009765625,52692800
1195,2026-05-11,292.67999267578125,292.67999267578125,293.8800048828125,290.2300109863281,291.9800109863281,42247300
1196,2026-05-12,294.79998779296875,294.79998779296875,295.2699890136719,292.55999755859375,292.55999755859375,45748100
1197,2026-05-13,298.8699951171875,298.8699951171875,300.9200134277344,293.5,293.5,52684300
1198,2026-05-14,298.2099914550781,298.2099914550781,300.45001220703125,295.3800048828125,299.82000732421875,35324900
1199,2026-05-15,300.2300109863281,300.2300109863281,303.20001220703125,296.5199890136719,297.8999938964844,54862800
1200,2026-05-18,297.8399963378906,297.8399963378906,300.6600036621094,294.9100036621094,300.239990234375,34483000
1201,2026-05-19,298.9700012207031,298.9700012207031,300.510009765625,296.3500061035156,296.9700012207031,42243600
1202,2026-05-20,302.25,302.25,302.79998779296875,298.0799865722656,298.17999267578125,38229800
1203,2026-05-21,304.989990234375,304.989990234375,305.5400085449219,300.3999938964844,301.05999755859375,42965100
1204,2026-05-22,308.82000732421875,308.82000732421875,311.3999938964844,305.8399963378906,306.1199951171875,43670200
1205,2026-05-26,308.3299865722656,308.3299865722656,311.82000732421875,307.6700134277344,309.55999755859375,48000500
1206,2026-05-27,310.8500061035156,310.8500061035156,313.260009765625,308.29998779296875,308.3299865722656,50430900
1207,2026-05-28,312.510009765625,312.510009765625,312.79998779296875,309.57000732421875,310.67999267578125,48220400
1208,2026-05-29,312.05999755859375,312.05999755859375,315.0,309.5299987792969,311.7799987792969,70026800
1209,2026-06-01,306.30999755859375,306.30999755859375,310.94000244140625,305.0199890136719,309.6300048828125,48849900
1210,2026-06-02,315.20001220703125,315.20001220703125,315.45001220703125,306.69000244140625,307.4599914550781,44534700
1211,2026-06-03,310.260009765625,310.260009765625,316.94000244140625,308.8500061035156,314.17999267578125,50836700
1212,2026-06-04,311.2300109863281,311.2300109863281,313.5400085449219,309.6499938964844,313.2300109863281,44869100
1213,2026-06-05,307.3399963378906,307.3399963378906,315.1700134277344,307.1499938964844,312.8599853515625,65310500
1214,2026-06-08,301.5400085449219,301.5400085449219,317.3999938964844,301.1700134277344,308.739990234375,77949100
1215,2026-06-09,290.54998779296875,290.54998779296875,300.75,287.7799987792969,300.2799987792969,70108800
1216,2026-06-10,291.5799865722656,291.5799865722656,294.75,287.3800048828125,290.739990234375,52793300
1217,2026-06-11,295.6300048828125,295.6300048828125,297.0,289.5899963378906,293.7200012207031,42572500
1218,2026-06-12,291.1300048828125,291.1300048828125,297.1400146484375,289.6199951171875,296.0299987792969,38742100
1219,2026-06-15,296.4200134277344,296.4200134277344,297.7799987792969,291.70001220703125,294.1199951171875,45732600
1220,2026-06-16,299.239990234375,299.239990234375,300.4800109863281,293.9700012207031,295.25,39874400
1221,2026-06-17,295.95001220703125,295.95001220703125,302.07000732421875,294.3599853515625,300.8500061035156,42745100
1222,2026-06-18,298.010009765625,298.010009765625,300.57000732421875,295.6199951171875,298.1099853515625,85962200
1223,2026-06-22,297.010009765625,297.010009765625,302.4200134277344,296.760009765625,297.30999755859375,44879900
1224,2026-06-23,294.29998779296875,294.29998779296875,301.6400146484375,294.17999267578125,297.5400085449219,52010900
1225,2026-06-24,293.0799865722656,293.0799865722656,299.70001220703125,292.94000244140625,295.3599853515625,53081900
1226,2026-06-25,275.1499938964844,275.1499938964844,288.79998779296875,273.75,287.3999938964844,107013700
1227,2026-06-26,283.7799987792969,283.7799987792969,285.95001220703125,274.2099914550781,275.0,261775500
1228,2026-06-29,281.739990234375,281.739990234375,288.3699951171875,279.8500061035156,286.7300109863281,66427000
1229,2026-06-30,289.3599853515625,289.3599853515625,289.94000244140625,280.70001220703125,281.1700134277344,65100200
1230,2026-07-01,294.3800048828125,294.3800048828125,296.5899963378906,289.20001220703125,293.44000244140625,50164200
1231,2026-07-02,308.6300048828125,308.6300048828125,309.4200134277344,293.67999267578125,294.1199951171875,75352800
1232,2026-07-06,312.6600036621094,312.6600036621094,314.20001220703125,307.0,307.3599853515625,53590000
1233,2026-07-07,310.6600036621094,310.6600036621094,315.4800109863281,310.1499938964844,315.2900085449219,42490000
1234,2026-07-08,313.3900146484375,313.3900146484375,314.82000732421875,307.04998779296875,311.9100036621094,41323500
1235,2026-07-09,316.2200012207031,316.2200012207031,316.5299987792969,308.1600036621094,310.510009765625,48124500
1236,2026-07-10,315.32000732421875,315.32000732421875,316.9100036621094,312.1700134277344,314.7200012207031,34132300
1237,2026-07-13,317.30999755859375,317.30999755859375,323.45001220703125,315.7799987792969,317.0199890136719,43257800
1238,2026-07-14,314.8599853515625,314.8599853515625,316.19000244140625,311.9100036621094,313.760009765625,36336800
1239,2026-07-15,327.5,327.5,328.7300109863281,317.32000732421875,317.6199951171875,60957600
1240,2026-07-16,333.260009765625,333.260009765625,334.67999267578125,326.7900085449219,328.010009765625,62970600
1241,2026-07-17,333.739990234375,333.739990234375,334.989990234375,329.0,331.9800109863281,63407100
1242,2026-07-20,326.5899963378906,326.5899963378906,333.7099914550781,323.67999267578125,333.510009765625,53468000
1243,2026-07-21,327.739990234375,327.739990234375,329.6000061035156,322.2200012207031,323.1300048828125,41338900
1244,2026-07-22,325.8900146484375,325.8900146484375,329.0,323.3399963378906,327.8699951171875,38755900
1245,2026-07-23,321.6600036621094,321.6600036621094,323.29998779296875,319.3500061035156,321.7300109863281,40840800
1246,2026-07-24,333.0199890136719,333.0199890136719,334.3699951171875,321.6199951171875,321.7900085449219,47489400
1247,2026-07-27,336.9100036621094,336.9100036621094,339.57000732421875,334.0199890136719,334.5400085449219,49604300
1248,2026-07-28,340.0799865722656,340.0799865722656,342.8900146484375,335.6000061035156,340.0299987792969,51859000
1249,2026-07-29,338.19000244140625,338.19000244140625,344.57000732421875,337.3500061035156,339.7300109863281,56090800
1250,2026-07-30,333.42999267578125,333.42999267578125,334.75,329.5899963378906,333.1000061035156,74817800
1251,2026-07-31,308.9100036621094,308.9100036621094,310.69000244140625,300.0,304.80999755859375,132489100
1252,2026-08-03,303.4200134277344,303.4200134277344,311.79998779296875,302.55999755859375,309.5799865722656,75052000
1253,2026-08-04,309.3800048828125,309.3800048828125,310.4200134277344,301.32000732421875,302.7300109863281,67882600
